participantId,trialId,eventType,timestamp,duration_ms,text
583ef6f5ad2f4300014b358d,all_same_color,tabAway,771278.3999999999,1561,windowBlur
583ef6f5ad2f4300014b358d,four_diamonds_anywhere,synthetic,992738.7000000002,,
583ef6f5ad2f4300014b358d,halves_copy_suits,tabAway,1334888.4,1318,windowBlur
583ef6f5ad2f4300014b358d,ap_step2_len4_adj_ordered,tabAway,1706603.7000000002,1059,windowBlur
583ef6f5ad2f4300014b358d,colors_palindrome,synthetic,2191111,,
583ef6f5ad2f4300014b358d,colors_palindrome,synthetic,2193526.7,,
5c309bb410677f0001dda0ed,adjacent_share_rank_or_suit,synthetic,389398.59999999404,,
5c309bb410677f0001dda0ed,pos16_pos25_same_suit,tabAway,411663.700000003,939,windowBlur
5c309bb410677f0001dda0ed,two_pairs_suits,synthetic,524403.299999997,,
5c309bb410677f0001dda0ed,all_even,synthetic,725227.3999999911,,
5c309bb410677f0001dda0ed,four_hearts_adjacent,synthetic,826329.3999999911,,
5c309bb410677f0001dda0ed,all_4s_8s_or_9s,synthetic,864285.5,,
5c309bb410677f0001dda0ed,some_half_red_other_black,tabAway,903471.700000003,72304,windowBlur
5c309bb410677f0001dda0ed,strict_increasing,tabAway,1068100.299999997,1292,windowBlur
5c309bb410677f0001dda0ed,three_any_suit_adjacent,tabAway,1243460.299999997,2550,windowBlur
5c5198da659655000168955d,four_kind_adjacent_any,tabAway,837533.6000000238,3252,windowBlur
5d350282cec7150015d16494,both_halves_uniform_suit,paste,264977.2999999998,,"In every hand, the first three cards are all the same suit and the last three cards are all the same suit."
5d350282cec7150015d16494,both_halves_uniform_suit,copy,121410.09999999963,,
5d350282cec7150015d16494,both_halves_uniform_suit,tabAway,228914.5,34329,windowBlur
5d350282cec7150015d16494,every_other_ace,paste,311391.19999999925,,"In every hand, "
5d350282cec7150015d16494,every_other_ace,copy,271961.0999999996,,
5d350282cec7150015d16494,every_other_ace,copy,273481.0999999996,,
5d350282cec7150015d16494,every_other_ace,tabAway,301379.89999999944,8694,windowBlur
5d350282cec7150015d16494,ap_step1_len3_adj_ordered,copy,366008.89999999944,,
5d350282cec7150015d16494,ap_step1_len3_adj_ordered,copy,444591.89999999944,,
5d350282cec7150015d16494,ap_step1_len3_adj_ordered,tabAway,367250.5999999996,31066,windowBlur
5d350282cec7150015d16494,ap_step1_len3_adj_ordered,tabAway,414490.2999999998,26954,windowBlur
5d350282cec7150015d16494,ap_step1_len3_adj_ordered,tabAway,448587.0999999996,46280,windowBlur
5d350282cec7150015d16494,ap_step1_len3_adj_ordered,tabAway,600359,355,windowBlur
5d350282cec7150015d16494,three_spades,paste,988596.7999999998,,Each hand contains at least three spades.
5d350282cec7150015d16494,three_spades,copy,608415.7999999998,,
5d350282cec7150015d16494,three_spades,copy,620399.2999999998,,
5d350282cec7150015d16494,three_spades,copy,636551.5,,
5d350282cec7150015d16494,three_spades,copy,933978.2999999998,,
5d350282cec7150015d16494,three_spades,copy,954831,,
5d350282cec7150015d16494,three_spades,tabAway,610073.6999999993,6265,windowBlur
5d350282cec7150015d16494,three_spades,tabAway,621424.7999999998,9242,windowBlur
5d350282cec7150015d16494,three_spades,tabAway,637970.6999999993,10048,windowBlur
5d350282cec7150015d16494,three_spades,tabAway,656818.3999999994,18919,windowBlur
5d350282cec7150015d16494,three_spades,tabAway,684494.3999999994,1470,windowBlur
5d350282cec7150015d16494,three_spades,tabAway,685964.6999999993,206206,windowBlur
5d350282cec7150015d16494,three_spades,tabAway,935102.3999999994,16019,windowBlur
5d350282cec7150015d16494,three_spades,tabAway,957982.5,21369,windowBlur
5d350282cec7150015d16494,three_spades,tabAway,983511.0999999996,3816,windowBlur
5d350282cec7150015d16494,pair_5s_adjacent,tabAway,1005045.5999999996,1535,windowBlur
5d350282cec7150015d16494,pair_5s_adjacent,tabAway,1007142.6999999993,92387,windowBlur
5d350282cec7150015d16494,even_odd_pos_color_split,tabAway,1177268.5999999996,1451,windowBlur
5d350282cec7150015d16494,even_odd_pos_color_split,tabAway,1212451.0999999996,6469,windowBlur
5d350282cec7150015d16494,even_odd_pos_color_split,tabAway,1246940.5,1511,windowBlur
5d350282cec7150015d16494,even_odd_pos_color_split,tabAway,1248773.1999999993,62991,windowBlur
5d350282cec7150015d16494,even_odd_pos_color_split,tabAway,1359780.5,329,windowBlur
5d350282cec7150015d16494,even_pos_red_odd_pos_black,tabAway,1385267.7999999998,1246,windowBlur
5d350282cec7150015d16494,even_pos_red_odd_pos_black,tabAway,1386514.1999999993,70037,windowBlur
5d350282cec7150015d16494,even_pos_red_odd_pos_black,tabAway,1494892.2999999998,414,windowBlur
5d350282cec7150015d16494,radial_decreasing,paste,1704081.3999999994,,Each hand contains at least one diamond and at least one spade.
5d350282cec7150015d16494,radial_decreasing,tabAway,1526163.5999999996,1453,windowBlur
5d350282cec7150015d16494,radial_decreasing,tabAway,1527709.8999999994,127137,windowBlur
5d350282cec7150015d16494,radial_decreasing,tabAway,1688492.5999999996,12657,windowBlur
5d350282cec7150015d16494,halves_copy_colors,paste,1815650.5,,Each hand contains at least one spade and at least one diamond.
5d350282cec7150015d16494,halves_copy_colors,tabAway,1714570.6999999993,959,windowBlur
5d350282cec7150015d16494,halves_copy_colors,tabAway,1715626.1999999993,98571,windowBlur
5d350282cec7150015d16494,no_adjacent_same_suit,tabAway,1835441.7999999998,1465,windowBlur
5d350282cec7150015d16494,no_adjacent_same_suit,tabAway,1837291.1999999993,147602,windowBlur
5d350282cec7150015d16494,no_adjacent_same_suit,tabAway,1992057.6999999993,1556,windowBlur
5d350282cec7150015d16494,no_adjacent_same_suit,tabAway,1993638.7999999998,62606,windowBlur
5d350282cec7150015d16494,two_pairs_ranks,tabAway,2144950.1999999993,1333,windowBlur
5d350282cec7150015d16494,two_pairs_ranks,tabAway,2146284,80433,windowBlur
5d350282cec7150015d16494,three_clubs_adjacent,tabAway,2384624.1999999993,1482,windowBlur
5d350282cec7150015d16494,three_clubs_adjacent,tabAway,2392023.5999999996,56988,windowBlur
5d350282cec7150015d16494,suit_brackets_no_cross,tabAway,2502775.1999999993,1091,windowBlur
5d350282cec7150015d16494,suit_brackets_no_cross,tabAway,2503873.1999999993,131473,windowBlur
5d350282cec7150015d16494,suit_brackets_no_cross,tabAway,2637704,11049,windowBlur
5d350282cec7150015d16494,suit_brackets_no_cross,tabAway,2678073.5,119936,windowBlur
5d5a48a67ca41f0001e97f8b,suit_brackets_no_cross,tabAway,1541040.099999994,26934,windowBlur
5d5a48a67ca41f0001e97f8b,all_red,synthetic,1827832.099999994,,
5d5a48a67ca41f0001e97f8b,even_pos_red_odd_pos_black,tabAway,1843292.800000012,4997,windowBlur
5d5a48a67ca41f0001e97f8b,radial_decreasing,tabAway,2591007.700000018,9981,windowBlur
607668ac450fc6e3025a131d,triple_3s_adjacent,tabAway,382064.2999999523,5397,windowBlur
607668ac450fc6e3025a131d,ap_step1_len3_adj,tabAway,572110.2999999523,47101,windowBlur
607668ac450fc6e3025a131d,colors_palindrome,tabAway,685792.3999999762,17018,windowBlur
607668ac450fc6e3025a131d,halves_copy_suits,tabAway,769915.7000000477,11511,windowBlur
607668ac450fc6e3025a131d,halves_copy_suits,tabAway,783026.1000000238,141917,windowBlur
607668ac450fc6e3025a131d,halves_copy_suits,tabAway,933737.3999999762,35722,windowBlur
607668ac450fc6e3025a131d,all_odd,tabAway,1177918.6000000238,38000,windowBlur
607668ac450fc6e3025a131d,all_odd,tabAway,1216650.2999999523,1687,windowBlur
607668ac450fc6e3025a131d,four_any_suit_anywhere,tabAway,1335988.6000000238,15828,windowBlur
607668ac450fc6e3025a131d,four_any_suit_anywhere,tabAway,1363701.2999999523,55788,windowBlur
607668ac450fc6e3025a131d,ap_step2_len4_adj_ordered,tabAway,1477117.8999999762,104021,windowBlur
607668ac450fc6e3025a131d,straight5_same_color,tabAway,1820933,15320,windowBlur
607668ac450fc6e3025a131d,suit_brackets_nested,tabAway,1898996.2000000477,47272,windowBlur
628f827eeb876ed2617881e7,all_clubs_or_hearts,tabAway,243051.70000000298,141,windowBlur
628f827eeb876ed2617881e7,straight5,tabAway,385574.700000003,1376,windowBlur
628f827eeb876ed2617881e7,straight5,tabAway,425094.30000000447,23,windowBlur
628f827eeb876ed2617881e7,straight5,tabAway,429260.700000003,52815,windowBlur
628f827eeb876ed2617881e7,four_any_suit_adjacent,tabAway,879585.8000000045,13059,windowBlur
628f827eeb876ed2617881e7,pos135_same_rank,synthetic,1015687.5,,
628f827eeb876ed2617881e7,pos135_same_rank,tabAway,969007.5,268,windowBlur
628f827eeb876ed2617881e7,pos135_same_rank,tabAway,969977.3999999985,7634,windowBlur
628f827eeb876ed2617881e7,all_same_suit,tabAway,1128116.1000000015,19351,windowBlur
6314bc49055e150c92f4736e,triple_2s_pos234,paste,478335.2999999523,,Each hand has at least three 2s.
6314bc49055e150c92f4736e,triple_2s_pos234,tabAway,436753.09999990463,7433,windowBlur
6314bc49055e150c92f4736e,triple_2s_pos234,tabAway,448870.59999990463,3863,windowBlur
6314bc49055e150c92f4736e,triple_2s_pos234,tabAway,453708.09999990463,23185,windowBlur
6314bc49055e150c92f4736e,three_or_more_same_suit,paste,633728.6999999285,,Each hand has exactly two more black cards than red cards.
6314bc49055e150c92f4736e,three_or_more_same_suit,tabAway,482538.09999990463,5794,windowBlur
6314bc49055e150c92f4736e,three_or_more_same_suit,tabAway,490931.7999999523,5261,windowBlur
6314bc49055e150c92f4736e,three_or_more_same_suit,tabAway,496966.39999997616,6122,windowBlur
6314bc49055e150c92f4736e,three_or_more_same_suit,tabAway,521671.59999990463,2907,windowBlur
6314bc49055e150c92f4736e,three_or_more_same_suit,tabAway,535054.3999999762,2113,windowBlur
6314bc49055e150c92f4736e,three_or_more_same_suit,tabAway,545810,8838,windowBlur
6314bc49055e150c92f4736e,three_or_more_same_suit,tabAway,568964.8999999762,6503,windowBlur
6314bc49055e150c92f4736e,three_or_more_same_suit,tabAway,579214.7999999523,4799,windowBlur
6314bc49055e150c92f4736e,three_or_more_same_suit,tabAway,586001.0999999046,4787,windowBlur
6314bc49055e150c92f4736e,three_or_more_same_suit,tabAway,595755.5999999046,4596,windowBlur
6314bc49055e150c92f4736e,three_or_more_same_suit,tabAway,602352.2999999523,4846,windowBlur
6314bc49055e150c92f4736e,three_or_more_same_suit,tabAway,608012.5999999046,7407,windowBlur
6314bc49055e150c92f4736e,three_or_more_same_suit,tabAway,619266.1999999285,9487,windowBlur
6314bc49055e150c92f4736e,three_or_more_same_suit,tabAway,669128.8999999762,20481,windowBlur
6314bc49055e150c92f4736e,some_half_red_other_black,paste,738382.2999999523,,Each hand has exactly three red cards and three black cards.
6314bc49055e150c92f4736e,some_half_red_other_black,tabAway,706554.8999999762,4452,windowBlur
6314bc49055e150c92f4736e,some_half_red_other_black,tabAway,713337.7999999523,4294,windowBlur
6314bc49055e150c92f4736e,some_half_red_other_black,tabAway,718450.0999999046,8250,windowBlur
6314bc49055e150c92f4736e,some_half_red_other_black,tabAway,729954.6999999285,6561,windowBlur
6314bc49055e150c92f4736e,triple_any_adjacent,paste,826269.8999999762,,Each hand contains three cards of the same rank (three of a kind)
6314bc49055e150c92f4736e,triple_any_adjacent,tabAway,779590.2999999523,15230,windowBlur
6314bc49055e150c92f4736e,triple_any_adjacent,tabAway,796967.6999999285,4589,windowBlur
6314bc49055e150c92f4736e,triple_any_adjacent,tabAway,803802.2999999523,1348,windowBlur
6314bc49055e150c92f4736e,triple_any_adjacent,tabAway,805165.5,19738,windowBlur
6314bc49055e150c92f4736e,four_of_a_kind_adjacent,paste,856898.6999999285,,Each hand contains four cards of the same rank (four of a kind).
6314bc49055e150c92f4736e,four_of_a_kind_adjacent,tabAway,829657.7999999523,4449,windowBlur
6314bc49055e150c92f4736e,four_of_a_kind_adjacent,tabAway,834985.7999999523,7471,windowBlur
6314bc49055e150c92f4736e,four_of_a_kind_adjacent,tabAway,844194,8293,windowBlur
6314bc49055e150c92f4736e,strict_increasing,paste,918367,,Each hand contains a sequence (run) of consecutive cards
6314bc49055e150c92f4736e,strict_increasing,tabAway,869012.5,3374,windowBlur
6314bc49055e150c92f4736e,strict_increasing,tabAway,874608.1999999285,8158,windowBlur
6314bc49055e150c92f4736e,strict_increasing,tabAway,898502.5,17870,windowBlur
6314bc49055e150c92f4736e,two_pairs_suits,paste,976575.2999999523,,Every hand has MORE red cards than black cards.
6314bc49055e150c92f4736e,two_pairs_suits,tabAway,951469.0999999046,3438,windowBlur
6314bc49055e150c92f4736e,two_pairs_suits,tabAway,957117,15497,windowBlur
6314bc49055e150c92f4736e,two_pairs_suits,tabAway,991297.2999999523,3079,windowBlur
6314bc49055e150c92f4736e,two_pairs_suits,tabAway,1010410.0999999046,16160,windowBlur
6314bc49055e150c92f4736e,two_pairs_suits,tabAway,1047128,12271,windowBlur
6314bc49055e150c92f4736e,two_pairs_suits,tabAway,1080971.0999999046,43442,windowBlur
6314bc49055e150c92f4736e,two_pairs_suits,tabAway,1125308.6999999285,5827,windowBlur
6314bc49055e150c92f4736e,two_pairs_suits,tabAway,1132682.5,6853,windowBlur
6314bc49055e150c92f4736e,two_pairs_suits,tabAway,1152243.5999999046,5669,windowBlur
6314bc49055e150c92f4736e,all_4s_8s_or_9s,paste,1224527,,"Each hand contains only the ranks 4, 8, and 9"
6314bc49055e150c92f4736e,all_4s_8s_or_9s,tabAway,1186583.7999999523,5132,windowBlur
6314bc49055e150c92f4736e,all_4s_8s_or_9s,tabAway,1194058.6999999285,28352,windowBlur
6314bc49055e150c92f4736e,adjacent_share_rank_or_suit,paste,1281944.5999999046,,Each hand contains at least three cards of the same suit.
6314bc49055e150c92f4736e,adjacent_share_rank_or_suit,tabAway,1246316,4515,windowBlur
6314bc49055e150c92f4736e,adjacent_share_rank_or_suit,tabAway,1251967.2999999523,8776,windowBlur
6314bc49055e150c92f4736e,adjacent_share_rank_or_suit,tabAway,1264253.1999999285,13747,windowBlur
6314bc49055e150c92f4736e,pos16_pos25_same_suit,tabAway,1292901.6999999285,4313,windowBlur
6314bc49055e150c92f4736e,pos16_pos25_same_suit,tabAway,1299715,16932,windowBlur
6314bc49055e150c92f4736e,pos16_pos25_same_suit,tabAway,1338309.6999999285,3331,windowBlur
6314bc49055e150c92f4736e,ranks_palindrome,paste,1429308.6999999285,,Each hand contains exactly three pairs.
6314bc49055e150c92f4736e,ranks_palindrome,tabAway,1398268.2999999523,4373,windowBlur
6314bc49055e150c92f4736e,ranks_palindrome,tabAway,1404312.8999999762,7722,windowBlur
6314bc49055e150c92f4736e,ranks_palindrome,tabAway,1419468.2999999523,7847,windowBlur
6314bc49055e150c92f4736e,straight5_same_suit,paste,1493889.3999999762,,Each hand has at least five cards of the same suit.
6314bc49055e150c92f4736e,straight5_same_suit,tabAway,1435525.3999999762,4564,windowBlur
6314bc49055e150c92f4736e,straight5_same_suit,tabAway,1442094.1999999285,7322,windowBlur
6314bc49055e150c92f4736e,straight5_same_suit,tabAway,1450799.3999999762,5260,windowBlur
6314bc49055e150c92f4736e,straight5_same_suit,tabAway,1470709.5999999046,7898,windowBlur
6314bc49055e150c92f4736e,straight5_same_suit,tabAway,1484405.6999999285,6320,windowBlur
6314bc49055e150c92f4736e,three_any_suit_adjacent,paste,1539573.0999999046,,"Every hand has at least one face card (J, Q, or K)."
6314bc49055e150c92f4736e,three_any_suit_adjacent,tabAway,1505736.8999999762,3561,windowBlur
6314bc49055e150c92f4736e,three_any_suit_adjacent,tabAway,1511048.8999999762,25228,windowBlur
6314bc49055e150c92f4736e,all_even,tabAway,1558796.2999999523,5463,windowBlur
6314bc49055e150c92f4736e,all_even,tabAway,1565472.0999999046,10091,windowBlur
6314bc49055e150c92f4736e,all_even,tabAway,1576611.0999999046,4170,windowBlur
6314bc49055e150c92f4736e,all_even,tabAway,1590069,5624,windowBlur
6314bc49055e150c92f4736e,all_even,tabAway,1610742.3999999762,4759,windowBlur
654beb18b762f5afea837c8b,all_same_color,copy,778355,,
654beb18b762f5afea837c8b,all_same_color,tabAway,645256.3000000007,20299,windowBlur
654beb18b762f5afea837c8b,all_same_color,tabAway,706050.8000000007,20924,windowBlur
654beb18b762f5afea837c8b,all_same_color,tabAway,757009.9000000004,15084,windowBlur
654beb18b762f5afea837c8b,all_same_color,tabAway,779079,15158,windowBlur
654beb18b762f5afea837c8b,all_same_color,tabAway,819030.7000000011,12211,windowBlur
654beb18b762f5afea837c8b,all_same_color,tabAway,949823.0999999996,15767,windowBlur
654beb18b762f5afea837c8b,ap_step2_len4_adj_ordered,copy,1694789.5,,
654beb18b762f5afea837c8b,ap_step2_len4_adj_ordered,tabAway,1393468.0999999996,17801,windowBlur
654beb18b762f5afea837c8b,ap_step2_len4_adj_ordered,tabAway,1447874.7000000011,14238,windowBlur
654beb18b762f5afea837c8b,ap_step2_len4_adj_ordered,tabAway,1695228.9000000004,19630,windowBlur
655f9bb3070d42d4bc67e866,all_4s_or_queens,tabAway,113053.80000000075,248,windowBlur
655f9bb3070d42d4bc67e866,all_4s_or_queens,tabAway,113497.80000000075,920,windowBlur
656f366a539cf734f6c2bd27,ap_len3_step1_anywhere,copy,722493.8000000007,,
656f366a539cf734f6c2bd27,ap_len3_step1_anywhere,tabAway,695576.5999999996,431,windowBlur
656f366a539cf734f6c2bd27,ap_len3_step1_anywhere,tabAway,724998.7000000011,47115,windowBlur
657619485d6869976045a220,all_red,tabAway,511915,21998,windowBlur
65959bfed43a65c4d24b7445,suit_brackets_no_cross,tabAway,1978188.199999988,4070,windowBlur
65959bfed43a65c4d24b7445,suit_brackets_no_cross,tabAway,2062991.300000012,411,windowBlur
65aed1505908860daee048ce,two_pairs_suits,tabAway,265551.09999999404,5331,windowBlur
65ccca52871269168cc029b5,both_halves_uniform_suit,synthetic,235372,,
65ccca52871269168cc029b5,both_halves_uniform_suit,tabAway,119618.69999998808,2530,windowBlur
65ccca52871269168cc029b5,two_pairs_ranks,synthetic,429248.89999999106,,
65ccca52871269168cc029b5,pair_5s_adjacent,tabAway,453125.39999999106,622,windowBlur
65ccca52871269168cc029b5,pair_5s_adjacent,tabAway,454534.299999997,5210,windowBlur
65ccca52871269168cc029b5,even_odd_pos_color_split,tabAway,647471.3999999911,1132,windowBlur
6604664cb53a76971c8a1dce,left_red_right_black,tabAway,525952.5,34545,windowBlur
6604664cb53a76971c8a1dce,pos135_same_rank,tabAway,613600.0999999046,167458,windowBlur
6604664cb53a76971c8a1dce,blacks_then_reds_start_black,tabAway,849499.5999999046,115214,windowBlur
6604664cb53a76971c8a1dce,skip2_same_rank_or_suit,tabAway,1011313.0999999046,192781,windowBlur
6604664cb53a76971c8a1dce,all_clubs_or_hearts,tabAway,1248649.3999999762,57563,windowBlur
6604664cb53a76971c8a1dce,halves_copy_ranks,tabAway,1374267.5999999046,38461,windowBlur
6604664cb53a76971c8a1dce,immediate_bracket_closure,tabAway,1451764.6999999285,101209,windowBlur
6604664cb53a76971c8a1dce,immediate_bracket_closure,tabAway,1557735.3999999762,20184,windowBlur
6604664cb53a76971c8a1dce,all_same_suit,tabAway,1611715.7999999523,28806,windowBlur
6604664cb53a76971c8a1dce,suit_chain_dsh,tabAway,1654414.3999999762,156979,windowBlur
6604664cb53a76971c8a1dce,four_kind_adjacent_any,tabAway,1839180.1999999285,63047,windowBlur
6604664cb53a76971c8a1dce,four_kind_adjacent_any,tabAway,1927797.5999999046,19926,windowBlur
6604664cb53a76971c8a1dce,both_halves_have_pair_rank,tabAway,1962914.3999999762,26143,windowBlur
6604664cb53a76971c8a1dce,both_halves_uniform_color,tabAway,2045331.6999999285,411187,windowBlur
6604664cb53a76971c8a1dce,four_any_suit_adjacent,tabAway,2495865.5999999046,14653,windowBlur
6604664cb53a76971c8a1dce,four_any_suit_adjacent,tabAway,2544667,53991,windowBlur
6604664cb53a76971c8a1dce,four_any_suit_adjacent,tabAway,2634629.399999976,26942,windowBlur
6604664cb53a76971c8a1dce,straight5,tabAway,2673214.5,113799,windowBlur
6604664cb53a76971c8a1dce,ap_len3_step1_anywhere,tabAway,2820199,55321,windowBlur
6614a5298c82365421d9b0b9,ap_step1_len3_adj,tabAway,1011533.200000003,4032301,windowBlur
6614a5298c82365421d9b0b9,all_odd,tabAway,5435239,11521,windowBlur
6636db94fa3ed150c2d78447,straight5_same_color,tabAway,1212265.9000000954,5627,windowBlur
663b810a9d37219004ad9fbd,radial_decreasing,tabAway,273303,15012,windowBlur
663b810a9d37219004ad9fbd,no_adjacent_same_suit,tabAway,354998,7085,windowBlur
663b810a9d37219004ad9fbd,no_adjacent_same_suit,tabAway,371134,14559,windowBlur
663b810a9d37219004ad9fbd,no_adjacent_same_suit,tabAway,395503,31039,windowBlur
663b810a9d37219004ad9fbd,no_adjacent_same_suit,tabAway,472045,93195,windowBlur
663b810a9d37219004ad9fbd,three_clubs_adjacent,tabAway,600093,9926,windowBlur
663b810a9d37219004ad9fbd,three_clubs_adjacent,tabAway,623534,111075,windowBlur
663b810a9d37219004ad9fbd,all_4s_or_queens,tabAway,749365,11977,windowBlur
663b810a9d37219004ad9fbd,all_4s_or_queens,tabAway,783045,20296,windowBlur
663b810a9d37219004ad9fbd,even_odd_pos_color_split,tabAway,815182,5279,windowBlur
663b810a9d37219004ad9fbd,even_odd_pos_color_split,tabAway,860685,12256,windowBlur
663b810a9d37219004ad9fbd,halves_copy_colors,tabAway,900925,99897,windowBlur
663b810a9d37219004ad9fbd,three_spades,tabAway,1055878,200471,windowBlur
663b810a9d37219004ad9fbd,ap_step1_len3_adj_ordered,tabAway,1273526,1504,windowBlur
663b810a9d37219004ad9fbd,ap_step1_len3_adj_ordered,tabAway,1290317,62127,windowBlur
663b810a9d37219004ad9fbd,ap_step1_len3_adj_ordered,tabAway,1365726,51591,windowBlur
663b810a9d37219004ad9fbd,suit_brackets_no_cross,tabAway,1442965,294634,windowBlur
663ece769c3a32475d274c94,all_but_one_same_color,synthetic,644979.8999999994,,
664ec4ec38b0fba80d81b607,triple_2s_pos234,tabAway,449381.200000003,158081,windowBlur
664ec4ec38b0fba80d81b607,all_even,tabAway,1045379.200000003,44239,windowBlur
669ed03f13f57e07092e1877,ap_step1_len3_adj,tabAway,797985,3219,windowBlur
66c3366a3b5834b89124e85a,all_but_one_same_color,tabAway,2930867.1999998093,34482,windowBlur
66c3366a3b5834b89124e85a,all_but_one_same_color,tabAway,3027546.4000000954,935125,windowBlur
66c3366a3b5834b89124e85a,straight5_same_color,tabAway,4043865,185004,windowBlur
66d1fdd400acfdbc181f41e0,three_spades,tabAway,953452.2999999523,15939,windowBlur
66f58c9493251ae2f43ef088,ap_step1_len3_adj_ordered,synthetic,639106.3999999911,,
66f58c9493251ae2f43ef088,no_adjacent_same_suit,tabAway,871641.5,5344,windowBlur
66f58c9493251ae2f43ef088,no_adjacent_same_suit,tabAway,936828.799999997,3735,windowBlur
671e55aeca0216c5762de35a,straight5_same_suit,paste,420286.09999999404,,Sequential 
671e55aeca0216c5762de35a,straight5_same_suit,tabAway,402281.299999997,8328,windowBlur
671e55aeca0216c5762de35a,straight5_same_suit,tabAway,413107.200000003,5449,windowBlur
672bbb444ab4546a33718004,three_clubs_adjacent,tabAway,34249.60000000149,4906,windowBlur
672bbb444ab4546a33718004,three_clubs_adjacent,tabAway,41254.300000000745,28258,windowBlur
672bbb444ab4546a33718004,no_adjacent_same_suit,tabAway,122394.5,16038,windowBlur
672bbb444ab4546a33718004,even_pos_red_odd_pos_black,tabAway,152784.70000000112,17997,windowBlur
672bbb444ab4546a33718004,radial_decreasing,tabAway,190742.80000000075,14567,windowBlur
672bbb444ab4546a33718004,radial_decreasing,tabAway,208127.80000000075,3121,windowBlur
672bbb444ab4546a33718004,radial_decreasing,tabAway,216033.80000000075,8020,windowBlur
672bbb444ab4546a33718004,radial_decreasing,tabAway,227240.30000000075,6538,windowBlur
672bbb444ab4546a33718004,two_pairs_ranks,tabAway,257551,11306,windowBlur
672bbb444ab4546a33718004,two_pairs_ranks,tabAway,270144.6000000015,22974,windowBlur
672bbb444ab4546a33718004,ap_step1_len3_adj_ordered,tabAway,309616.30000000075,15757,windowBlur
672bbb444ab4546a33718004,even_odd_pos_color_split,tabAway,358443.4000000004,19071,windowBlur
672bbb444ab4546a33718004,suit_brackets_no_cross,tabAway,416411.2000000011,13297,windowBlur
672bbb444ab4546a33718004,suit_brackets_no_cross,tabAway,432124.1000000015,11234,windowBlur
672bbb444ab4546a33718004,all_4s_or_queens,tabAway,455630.80000000075,13282,windowBlur
672bbb444ab4546a33718004,pair_5s_adjacent,tabAway,508335,2242,windowBlur
672bbb444ab4546a33718004,pair_5s_adjacent,tabAway,512835.1000000015,4146,windowBlur
672bbb444ab4546a33718004,pair_5s_adjacent,tabAway,517891.30000000075,16059,windowBlur
672bbb444ab4546a33718004,halves_copy_colors,tabAway,562331.4000000004,13748,windowBlur
672bbb444ab4546a33718004,three_spades,tabAway,597841.1000000015,12912,windowBlur
672bbb444ab4546a33718004,three_spades,tabAway,632164.3000000007,81115,windowBlur
672bbb444ab4546a33718004,three_spades,tabAway,717584.8000000007,24038,windowBlur
673feeafa80a279f5cc63e33,no_adjacent_same_suit,synthetic,1309834.200000003,,
673feeafa80a279f5cc63e33,suit_brackets_no_cross,synthetic,1950421.5,,
673feeafa80a279f5cc63e33,even_pos_red_odd_pos_black,synthetic,2008834.399999991,,
674bea1eb044fbe75795fef1,ap_step2_len4_adj_ordered,copy,1174458.099999994,,
674bea1eb044fbe75795fef1,ap_step2_len4_adj_ordered,synthetic,1045809,,
674bea1eb044fbe75795fef1,ap_step2_len4_adj,synthetic,3474839.900000006,,
674bea1eb044fbe75795fef1,suit_brackets_nested,synthetic,3969803.800000012,,
674bea1eb044fbe75795fef1,suit_brackets_nested,synthetic,4120916.5,,
674f7e1ff586e9a262cf1a06,both_halves_uniform_suit,tabAway,1042662.3999999762,5765,windowBlur
676f0bdedfb3362f560115f0,ap_step1_len3_adj,tabAway,622015,3835,windowBlur
678e7fc78628897e2a92bd42,three_or_more_same_suit,tabAway,192683.89999985695,5122,windowBlur
678e7fc78628897e2a92bd42,strict_increasing,tabAway,279309.7999999523,11247,windowBlur
678e7fc78628897e2a92bd42,adjacent_share_rank_or_suit,tabAway,441397.7999999523,12256,windowBlur
678e7fc78628897e2a92bd42,adjacent_share_rank_or_suit,tabAway,520592.89999985695,3525,windowBlur
678e7fc78628897e2a92bd42,three_any_suit_adjacent,tabAway,601603.2999999523,2703,windowBlur
67a8ef6331f586a361a8ec33,four_kind_adjacent_any,tabAway,542430.600000143,4936,windowBlur
67a8ef6331f586a361a8ec33,four_kind_adjacent_any,tabAway,548562.4000000954,16829,windowBlur
67a8ef6331f586a361a8ec33,left_red_right_black,tabAway,582865.9000000954,4611,windowBlur
67a8ef6331f586a361a8ec33,left_red_right_black,tabAway,588777.2000000477,11768,windowBlur
67a8ef6331f586a361a8ec33,left_red_right_black,tabAway,603427.100000143,12085,windowBlur
67a8ef6331f586a361a8ec33,suit_chain_dsh,tabAway,638042.7999999523,4992,windowBlur
67a8ef6331f586a361a8ec33,suit_chain_dsh,tabAway,644444.2000000477,9842,windowBlur
67a8ef6331f586a361a8ec33,blacks_then_reds_start_black,tabAway,702884.2999999523,4070,windowBlur
67a8ef6331f586a361a8ec33,blacks_then_reds_start_black,tabAway,708474.4000000954,11077,windowBlur
67a8ef6331f586a361a8ec33,all_same_suit,tabAway,778858.7999999523,3941,windowBlur
67a8ef6331f586a361a8ec33,all_same_suit,tabAway,784143.9000000954,16374,windowBlur
67a8ef6331f586a361a8ec33,straight5,tabAway,816885.100000143,3576,windowBlur
67a8ef6331f586a361a8ec33,straight5,tabAway,821885.600000143,25033,windowBlur
67a8ef6331f586a361a8ec33,both_halves_have_pair_rank,tabAway,877110.7999999523,4107,windowBlur
67a8ef6331f586a361a8ec33,both_halves_have_pair_rank,tabAway,882705.7000000477,18310,windowBlur
67a8ef6331f586a361a8ec33,ap_len3_step1_anywhere,tabAway,916572.9000000954,3347,windowBlur
67a8ef6331f586a361a8ec33,ap_len3_step1_anywhere,tabAway,921357.600000143,36821,windowBlur
67a8ef6331f586a361a8ec33,four_any_suit_adjacent,tabAway,973563.7999999523,3315,windowBlur
67a8ef6331f586a361a8ec33,four_any_suit_adjacent,tabAway,978339.7999999523,10192,windowBlur
67a8ef6331f586a361a8ec33,pos135_same_rank,tabAway,1025527.9000000954,3597,windowBlur
67a8ef6331f586a361a8ec33,pos135_same_rank,tabAway,1030413.5,21952,windowBlur
67a8ef6331f586a361a8ec33,halves_copy_ranks,tabAway,1074461.7999999523,3308,windowBlur
67a8ef6331f586a361a8ec33,halves_copy_ranks,tabAway,1079136.4000000954,19996,windowBlur
67a8ef6331f586a361a8ec33,immediate_bracket_closure,tabAway,1121464.9000000954,2500,windowBlur
67a8ef6331f586a361a8ec33,immediate_bracket_closure,tabAway,1125194.7000000477,54980,windowBlur
67a8ef6331f586a361a8ec33,both_halves_uniform_color,tabAway,1194715,3452,windowBlur
67a8ef6331f586a361a8ec33,both_halves_uniform_color,tabAway,1199639.7000000477,9418,windowBlur
67a8ef6331f586a361a8ec33,skip2_same_rank_or_suit,tabAway,1240154.2000000477,3611,windowBlur
67a8ef6331f586a361a8ec33,skip2_same_rank_or_suit,tabAway,1245290.5,6732,windowBlur
67a8ef6331f586a361a8ec33,all_clubs_or_hearts,tabAway,1296238.2999999523,2826,windowBlur
67a8ef6331f586a361a8ec33,all_clubs_or_hearts,tabAway,1300362.9000000954,20969,windowBlur
67a8ef6331f586a361a8ec33,all_clubs_or_hearts,tabAway,1332290.2000000477,3629,windowBlur
67c1d6d98c8787be36609212,all_same_suit,synthetic,133545.5,,
67c1d6d98c8787be36609212,all_same_suit,synthetic,133546.89999997616,,
67c1d6d98c8787be36609212,all_same_suit,synthetic,133547.60000002384,,
67c1d6d98c8787be36609212,all_same_suit,synthetic,133548.20000004768,,
67c1d6d98c8787be36609212,all_same_suit,synthetic,133548.60000002384,,
67c1d6d98c8787be36609212,all_same_suit,synthetic,133549,,
67c1d6d98c8787be36609212,all_same_suit,synthetic,133549.29999995232,,
67c1d6d98c8787be36609212,all_same_suit,synthetic,133549.60000002384,,
67c1d6d98c8787be36609212,all_same_suit,synthetic,133550,,
67c1d6d98c8787be36609212,all_same_suit,synthetic,133550.5,,
67c1d6d98c8787be36609212,all_same_suit,synthetic,133550.79999995232,,
67c1d6d98c8787be36609212,all_same_suit,synthetic,133551.10000002384,,
67c1d6d98c8787be36609212,all_same_suit,synthetic,133551.39999997616,,
67c1d6d98c8787be36609212,all_same_suit,synthetic,133551.70000004768,,
67c1d6d98c8787be36609212,all_same_suit,synthetic,133552.10000002384,,
67c1d6d98c8787be36609212,all_same_suit,synthetic,133552.5,,
67c1d6d98c8787be36609212,all_same_suit,synthetic,133552.79999995232,,
67c1d6d98c8787be36609212,all_same_suit,synthetic,133553.10000002384,,
67c1d6d98c8787be36609212,all_same_suit,synthetic,133553.39999997616,,
67c1d6d98c8787be36609212,all_same_suit,synthetic,133553.70000004768,,
67c1d6d98c8787be36609212,all_same_suit,synthetic,133554.10000002384,,
67c1d6d98c8787be36609212,all_same_suit,synthetic,133554.70000004768,,
67c1d6d98c8787be36609212,all_same_suit,synthetic,133555,,
67c1d6d98c8787be36609212,all_same_suit,synthetic,133555.39999997616,,
67c1d6d98c8787be36609212,all_same_suit,synthetic,133555.60000002384,,
67c1d6d98c8787be36609212,all_same_suit,synthetic,133556,,
67c1d6d98c8787be36609212,all_same_suit,synthetic,133556.29999995232,,
67c1d6d98c8787be36609212,all_same_suit,synthetic,137592.20000004768,,
67c1d6d98c8787be36609212,all_same_suit,synthetic,137593.29999995232,,
67c1d6d98c8787be36609212,all_same_suit,synthetic,137593.89999997616,,
67c1d6d98c8787be36609212,all_same_suit,synthetic,137594.89999997616,,
67c1d6d98c8787be36609212,all_same_suit,synthetic,137595.60000002384,,
67c1d6d98c8787be36609212,all_same_suit,synthetic,141023.60000002384,,
67c1d6d98c8787be36609212,all_same_suit,synthetic,141024.89999997616,,
67c1d6d98c8787be36609212,all_same_suit,synthetic,141025.5,,
67c1d6d98c8787be36609212,all_same_suit,synthetic,141025.79999995232,,
67c1d6d98c8787be36609212,all_same_suit,synthetic,141026.29999995232,,
67c1d6d98c8787be36609212,all_same_suit,synthetic,141026.79999995232,,
67c1d6d98c8787be36609212,all_same_suit,synthetic,141027.29999995232,,
67c1d6d98c8787be36609212,all_same_suit,synthetic,141028,,
67c1d6d98c8787be36609212,all_same_suit,synthetic,141028.70000004768,,
67c1d6d98c8787be36609212,all_same_suit,synthetic,141029.79999995232,,
67c1d6d98c8787be36609212,all_same_suit,synthetic,141030.20000004768,,
67c1d6d98c8787be36609212,all_same_suit,synthetic,141030.70000004768,,
67c1d6d98c8787be36609212,all_same_suit,synthetic,141031,,
67c1d6d98c8787be36609212,all_same_suit,synthetic,141031.29999995232,,
67c1d6d98c8787be36609212,all_same_suit,synthetic,141031.79999995232,,
67c1d6d98c8787be36609212,all_same_suit,synthetic,141032.10000002384,,
67c1d6d98c8787be36609212,all_same_suit,synthetic,141032.39999997616,,
67c1d6d98c8787be36609212,all_same_suit,synthetic,141032.70000004768,,
67c1d6d98c8787be36609212,all_same_suit,synthetic,141033,,
67c1d6d98c8787be36609212,all_same_suit,synthetic,145153.60000002384,,
67c1d6d98c8787be36609212,all_same_suit,synthetic,145154.60000002384,,
67c1d6d98c8787be36609212,all_same_suit,synthetic,145155.39999997616,,
67c1d6d98c8787be36609212,all_same_suit,synthetic,145155.89999997616,,
67c1d6d98c8787be36609212,all_same_suit,synthetic,145156.39999997616,,
67c1d6d98c8787be36609212,all_same_suit,synthetic,145156.70000004768,,
67c1d6d98c8787be36609212,all_same_suit,synthetic,145157.10000002384,,
67c1d6d98c8787be36609212,all_same_suit,synthetic,145157.39999997616,,
67c1d6d98c8787be36609212,all_same_suit,synthetic,145157.79999995232,,
67c1d6d98c8787be36609212,all_same_suit,synthetic,145158.20000004768,,
67c1d6d98c8787be36609212,all_same_suit,synthetic,145158.39999997616,,
67c1d6d98c8787be36609212,all_same_suit,synthetic,145158.70000004768,,
67c1d6d98c8787be36609212,all_same_suit,synthetic,145159.10000002384,,
67c1d6d98c8787be36609212,all_same_suit,synthetic,145159.5,,
67c1d6d98c8787be36609212,all_same_suit,synthetic,145159.70000004768,,
67c1d6d98c8787be36609212,all_same_suit,synthetic,145160,,
67c1d6d98c8787be36609212,all_same_suit,synthetic,145160.89999997616,,
67c1d6d98c8787be36609212,all_same_suit,synthetic,145161.70000004768,,
67c1d6d98c8787be36609212,all_same_suit,synthetic,145162.79999995232,,
67c1d6d98c8787be36609212,all_same_suit,synthetic,145163.70000004768,,
67c1d6d98c8787be36609212,all_same_suit,synthetic,145164.39999997616,,
67c1d6d98c8787be36609212,all_same_suit,synthetic,145164.89999997616,,
67c1d6d98c8787be36609212,all_same_suit,synthetic,145165.29999995232,,
67c1d6d98c8787be36609212,all_same_suit,synthetic,145165.60000002384,,
67c1d6d98c8787be36609212,all_same_suit,synthetic,145165.89999997616,,
67c1d6d98c8787be36609212,all_same_suit,synthetic,145166.29999995232,,
67c1d6d98c8787be36609212,all_same_suit,synthetic,145166.70000004768,,
67c1d6d98c8787be36609212,all_same_suit,synthetic,145167,,
67c1d6d98c8787be36609212,all_same_suit,synthetic,145167.29999995232,,
67c1d6d98c8787be36609212,all_same_suit,synthetic,145167.70000004768,,
67c1d6d98c8787be36609212,all_same_suit,synthetic,145167.89999997616,,
67c1d6d98c8787be36609212,all_same_suit,synthetic,145168.29999995232,,
67c1d6d98c8787be36609212,all_same_suit,synthetic,145168.60000002384,,
67c1d6d98c8787be36609212,all_same_suit,synthetic,145168.89999997616,,
67c1d6d98c8787be36609212,all_same_suit,synthetic,151702.39999997616,,
67c1d6d98c8787be36609212,all_same_suit,synthetic,151703.39999997616,,
67c1d6d98c8787be36609212,all_same_suit,synthetic,151704.10000002384,,
67c1d6d98c8787be36609212,all_same_suit,synthetic,151704.5,,
67c1d6d98c8787be36609212,all_same_suit,synthetic,151704.89999997616,,
67c1d6d98c8787be36609212,all_same_suit,synthetic,157755.39999997616,,
67c1d6d98c8787be36609212,all_same_suit,synthetic,157756.20000004768,,
67c1d6d98c8787be36609212,all_same_suit,synthetic,157757.10000002384,,
67c1d6d98c8787be36609212,all_same_suit,synthetic,157757.60000002384,,
67c1d6d98c8787be36609212,all_same_suit,synthetic,157758.10000002384,,
67c1d6d98c8787be36609212,all_same_suit,synthetic,157758.5,,
67c1d6d98c8787be36609212,all_same_suit,synthetic,157758.79999995232,,
67c1d6d98c8787be36609212,all_same_suit,synthetic,157759.10000002384,,
67c1d6d98c8787be36609212,all_same_suit,synthetic,157759.70000004768,,
67c1d6d98c8787be36609212,all_same_suit,synthetic,157760.39999997616,,
67c1d6d98c8787be36609212,all_same_suit,synthetic,157761.20000004768,,
67c1d6d98c8787be36609212,all_same_suit,synthetic,157762.29999995232,,
67c1d6d98c8787be36609212,all_same_suit,synthetic,157762.79999995232,,
67c1d6d98c8787be36609212,all_same_suit,synthetic,157763.20000004768,,
67c1d6d98c8787be36609212,all_same_suit,synthetic,157763.70000004768,,
67c1d6d98c8787be36609212,all_same_suit,synthetic,157764.10000002384,,
67c1d6d98c8787be36609212,all_same_suit,synthetic,157764.60000002384,,
67c1d6d98c8787be36609212,all_same_suit,synthetic,157765,,
67c1d6d98c8787be36609212,all_same_suit,synthetic,157765.20000004768,,
67c1d6d98c8787be36609212,all_same_suit,synthetic,157765.60000002384,,
67c1d6d98c8787be36609212,all_same_suit,synthetic,157765.89999997616,,
67c1d6d98c8787be36609212,all_same_suit,synthetic,157766.29999995232,,
67c1d6d98c8787be36609212,all_same_suit,synthetic,160150.5,,
67c1d6d98c8787be36609212,all_same_suit,synthetic,160151.5,,
67c1d6d98c8787be36609212,all_same_suit,synthetic,160152.70000004768,,
67c1d6d98c8787be36609212,all_same_suit,synthetic,160153.60000002384,,
67c1d6d98c8787be36609212,all_same_suit,synthetic,160154.39999997616,,
67c1d6d98c8787be36609212,all_same_suit,synthetic,160155.39999997616,,
67c1d6d98c8787be36609212,all_same_suit,synthetic,160156.20000004768,,
67c1d6d98c8787be36609212,all_same_suit,synthetic,160156.70000004768,,
67c1d6d98c8787be36609212,all_same_suit,synthetic,160157.60000002384,,
67c1d6d98c8787be36609212,all_same_suit,synthetic,160158.20000004768,,
67c1d6d98c8787be36609212,all_same_suit,synthetic,160158.70000004768,,
67c1d6d98c8787be36609212,all_same_suit,synthetic,160159.20000004768,,
67c1d6d98c8787be36609212,all_same_suit,synthetic,160160,,
67c1d6d98c8787be36609212,all_same_suit,synthetic,160160.89999997616,,
67c1d6d98c8787be36609212,all_same_suit,synthetic,160161.89999997616,,
67c1d6d98c8787be36609212,all_same_suit,synthetic,160162.70000004768,,
67c1d6d98c8787be36609212,all_same_suit,synthetic,160163.20000004768,,
67c1d6d98c8787be36609212,all_same_suit,synthetic,160163.89999997616,,
67c1d6d98c8787be36609212,all_same_suit,synthetic,160164.5,,
67c1d6d98c8787be36609212,all_same_suit,synthetic,160165.10000002384,,
67c1d6d98c8787be36609212,all_same_suit,synthetic,160165.70000004768,,
67c1d6d98c8787be36609212,all_same_suit,synthetic,160166.20000004768,,
67c1d6d98c8787be36609212,all_same_suit,synthetic,160166.79999995232,,
67c1d6d98c8787be36609212,all_same_suit,synthetic,160167.39999997616,,
67c1d6d98c8787be36609212,all_same_suit,synthetic,160168.29999995232,,
67c1d6d98c8787be36609212,all_same_suit,synthetic,160169,,
67c1d6d98c8787be36609212,all_same_suit,synthetic,160169.5,,
67c1d6d98c8787be36609212,all_same_suit,synthetic,160170,,
67c1d6d98c8787be36609212,all_same_suit,synthetic,160170.60000002384,,
67c1d6d98c8787be36609212,all_same_suit,synthetic,160171.20000004768,,
67c1d6d98c8787be36609212,all_same_suit,synthetic,160171.70000004768,,
67c1d6d98c8787be36609212,all_same_suit,synthetic,165324.70000004768,,
67c1d6d98c8787be36609212,all_same_suit,synthetic,165325.5,,
67c1d6d98c8787be36609212,all_same_suit,synthetic,165326.39999997616,,
67c1d6d98c8787be36609212,all_same_suit,synthetic,165327.29999995232,,
67c1d6d98c8787be36609212,all_same_suit,synthetic,165328.29999995232,,
67c1d6d98c8787be36609212,all_same_suit,synthetic,167277.10000002384,,
67c1d6d98c8787be36609212,all_same_suit,synthetic,167278.10000002384,,
67c1d6d98c8787be36609212,all_same_suit,synthetic,167278.70000004768,,
67c1d6d98c8787be36609212,all_same_suit,synthetic,167279.5,,
67c1d6d98c8787be36609212,all_same_suit,synthetic,167279.89999997616,,
67c1d6d98c8787be36609212,all_same_suit,synthetic,167280.29999995232,,
67c1d6d98c8787be36609212,all_same_suit,synthetic,167280.70000004768,,
67c1d6d98c8787be36609212,all_same_suit,synthetic,177045.89999997616,,
67c1d6d98c8787be36609212,all_same_suit,synthetic,177046.89999997616,,
67c1d6d98c8787be36609212,all_same_suit,synthetic,177048.39999997616,,
67c1d6d98c8787be36609212,all_same_suit,synthetic,177049.20000004768,,
67c1d6d98c8787be36609212,all_same_suit,synthetic,177050,,
67c1d6d98c8787be36609212,all_same_suit,synthetic,177050.70000004768,,
67c1d6d98c8787be36609212,all_same_suit,synthetic,177051.29999995232,,
67c1d6d98c8787be36609212,all_same_suit,synthetic,177051.89999997616,,
67c1d6d98c8787be36609212,all_same_suit,synthetic,177052.20000004768,,
67c1d6d98c8787be36609212,all_same_suit,synthetic,177052.60000002384,,
67c1d6d98c8787be36609212,all_same_suit,synthetic,177053,,
67c1d6d98c8787be36609212,all_same_suit,synthetic,177053.29999995232,,
67c1d6d98c8787be36609212,all_same_suit,synthetic,177053.60000002384,,
67c1d6d98c8787be36609212,all_same_suit,synthetic,177054,,
67c1d6d98c8787be36609212,all_same_suit,synthetic,177054.39999997616,,
67c1d6d98c8787be36609212,all_same_suit,synthetic,177054.79999995232,,
67c1d6d98c8787be36609212,all_same_suit,synthetic,177055.10000002384,,
67c1d6d98c8787be36609212,all_same_suit,synthetic,177055.5,,
67c1d6d98c8787be36609212,all_same_suit,synthetic,177055.79999995232,,
67c1d6d98c8787be36609212,all_same_suit,synthetic,177056.10000002384,,
67c1d6d98c8787be36609212,all_same_suit,synthetic,177056.39999997616,,
67c1d6d98c8787be36609212,all_same_suit,synthetic,177056.79999995232,,
67c1d6d98c8787be36609212,all_same_suit,synthetic,177057,,
67c1d6d98c8787be36609212,all_same_suit,synthetic,177057.39999997616,,
67c1d6d98c8787be36609212,all_same_suit,synthetic,177057.70000004768,,
67c1d6d98c8787be36609212,all_same_suit,synthetic,177058.10000002384,,
67c1d6d98c8787be36609212,all_same_suit,synthetic,177058.39999997616,,
67c1d6d98c8787be36609212,all_same_suit,synthetic,177059,,
67c1d6d98c8787be36609212,all_same_suit,synthetic,177059.70000004768,,
67c1d6d98c8787be36609212,all_same_suit,synthetic,177060.5,,
67c1d6d98c8787be36609212,all_same_suit,synthetic,177060.79999995232,,
67c1d6d98c8787be36609212,all_same_suit,synthetic,177061.29999995232,,
67c1d6d98c8787be36609212,all_same_suit,synthetic,177061.70000004768,,
67c1d6d98c8787be36609212,all_same_suit,synthetic,177061.89999997616,,
67c1d6d98c8787be36609212,all_same_suit,synthetic,177062.29999995232,,
67c1d6d98c8787be36609212,all_same_suit,synthetic,177062.60000002384,,
67c1d6d98c8787be36609212,all_same_suit,synthetic,177062.89999997616,,
67c1d6d98c8787be36609212,all_same_suit,synthetic,177063.29999995232,,
67c1d6d98c8787be36609212,all_same_suit,synthetic,177063.60000002384,,
67c1d6d98c8787be36609212,all_same_suit,synthetic,177064.10000002384,,
67c1d6d98c8787be36609212,all_same_suit,synthetic,177064.5,,
67c1d6d98c8787be36609212,all_same_suit,synthetic,177064.79999995232,,
67c1d6d98c8787be36609212,all_same_suit,synthetic,177065.20000004768,,
67c1d6d98c8787be36609212,all_same_suit,synthetic,177065.60000002384,,
67c1d6d98c8787be36609212,all_same_suit,synthetic,179905.79999995232,,
67c1d6d98c8787be36609212,all_same_suit,synthetic,179906.79999995232,,
67c1d6d98c8787be36609212,all_same_suit,synthetic,179907.70000004768,,
67c1d6d98c8787be36609212,all_same_suit,synthetic,179908.60000002384,,
67c1d6d98c8787be36609212,all_same_suit,synthetic,179909.60000002384,,
67c1d6d98c8787be36609212,all_same_suit,synthetic,179910.60000002384,,
67c1d6d98c8787be36609212,all_same_suit,synthetic,179911.5,,
67c1d6d98c8787be36609212,all_same_suit,synthetic,179912,,
67c1d6d98c8787be36609212,all_same_suit,synthetic,179912.39999997616,,
67c1d6d98c8787be36609212,all_same_suit,synthetic,179912.89999997616,,
67c1d6d98c8787be36609212,all_same_suit,synthetic,179913.20000004768,,
67c1d6d98c8787be36609212,all_same_suit,synthetic,179913.60000002384,,
67c1d6d98c8787be36609212,all_same_suit,synthetic,179914.10000002384,,
67c1d6d98c8787be36609212,all_same_suit,synthetic,179914.5,,
67c1d6d98c8787be36609212,all_same_suit,synthetic,179914.89999997616,,
67c1d6d98c8787be36609212,all_same_suit,synthetic,185024.79999995232,,
67c1d6d98c8787be36609212,all_same_suit,synthetic,185026.5,,
67c1d6d98c8787be36609212,all_same_suit,synthetic,185027.89999997616,,
67c1d6d98c8787be36609212,all_same_suit,synthetic,185028.60000002384,,
67c1d6d98c8787be36609212,all_same_suit,synthetic,185029.39999997616,,
67c1d6d98c8787be36609212,all_same_suit,synthetic,185030.39999997616,,
67c1d6d98c8787be36609212,all_same_suit,synthetic,185031,,
67c1d6d98c8787be36609212,all_same_suit,synthetic,185031.39999997616,,
67c1d6d98c8787be36609212,all_same_suit,synthetic,185031.79999995232,,
67c1d6d98c8787be36609212,all_same_suit,synthetic,185032.10000002384,,
67c1d6d98c8787be36609212,all_same_suit,synthetic,185032.39999997616,,
67c1d6d98c8787be36609212,all_same_suit,synthetic,185032.79999995232,,
67c1d6d98c8787be36609212,all_same_suit,synthetic,185033.10000002384,,
67c1d6d98c8787be36609212,all_same_suit,synthetic,185033.39999997616,,
67c1d6d98c8787be36609212,all_same_suit,synthetic,185033.79999995232,,
67c1d6d98c8787be36609212,all_same_suit,synthetic,185034.20000004768,,
67c1d6d98c8787be36609212,all_same_suit,synthetic,185034.60000002384,,
67c1d6d98c8787be36609212,all_same_suit,synthetic,185034.89999997616,,
67c1d6d98c8787be36609212,all_same_suit,synthetic,185035.20000004768,,
67c1d6d98c8787be36609212,all_same_suit,synthetic,185035.5,,
67c1d6d98c8787be36609212,all_same_suit,synthetic,185035.89999997616,,
67c1d6d98c8787be36609212,all_same_suit,synthetic,185036.20000004768,,
67c1d6d98c8787be36609212,all_same_suit,synthetic,185036.39999997616,,
67c1d6d98c8787be36609212,all_same_suit,synthetic,185036.79999995232,,
67c1d6d98c8787be36609212,all_same_suit,synthetic,185037.10000002384,,
67c1d6d98c8787be36609212,all_same_suit,synthetic,185037.60000002384,,
67c1d6d98c8787be36609212,all_same_suit,synthetic,185038,,
67c1d6d98c8787be36609212,all_same_suit,synthetic,185038.29999995232,,
67c1d6d98c8787be36609212,all_same_suit,synthetic,185038.60000002384,,
67c1d6d98c8787be36609212,all_same_suit,synthetic,185038.89999997616,,
67c1d6d98c8787be36609212,all_same_suit,synthetic,185039.20000004768,,
67c1d6d98c8787be36609212,all_same_suit,synthetic,185039.70000004768,,
67c1d6d98c8787be36609212,all_same_suit,synthetic,185040.29999995232,,
67c1d6d98c8787be36609212,all_same_suit,synthetic,185041,,
67c1d6d98c8787be36609212,all_same_suit,synthetic,185041.79999995232,,
67c1d6d98c8787be36609212,all_same_suit,synthetic,185042.89999997616,,
67c1d6d98c8787be36609212,all_same_suit,synthetic,185043.70000004768,,
67c1d6d98c8787be36609212,all_same_suit,synthetic,185044.5,,
67c1d6d98c8787be36609212,all_same_suit,synthetic,185045,,
67c1d6d98c8787be36609212,all_same_suit,synthetic,185045.60000002384,,
67c1d6d98c8787be36609212,all_same_suit,synthetic,185046,,
67c1d6d98c8787be36609212,all_same_suit,synthetic,185046.5,,
67c1d6d98c8787be36609212,all_same_suit,synthetic,185046.89999997616,,
67c1d6d98c8787be36609212,all_same_suit,synthetic,185047.29999995232,,
67c1d6d98c8787be36609212,all_same_suit,synthetic,185047.5,,
67c1d6d98c8787be36609212,all_same_suit,synthetic,185047.89999997616,,
67c1d6d98c8787be36609212,all_same_suit,synthetic,185048.29999995232,,
67c1d6d98c8787be36609212,all_same_suit,synthetic,185048.70000004768,,
67c1d6d98c8787be36609212,all_same_suit,synthetic,185048.89999997616,,
67c1d6d98c8787be36609212,all_same_suit,synthetic,185049.29999995232,,
67c1d6d98c8787be36609212,all_same_suit,synthetic,185049.60000002384,,
67c1d6d98c8787be36609212,all_same_suit,synthetic,185050,,
67c1d6d98c8787be36609212,all_same_suit,synthetic,185050.39999997616,,
67c1d6d98c8787be36609212,all_same_suit,synthetic,185052.20000004768,,
67c1d6d98c8787be36609212,all_same_suit,synthetic,185053,,
67c1d6d98c8787be36609212,all_same_suit,synthetic,185053.70000004768,,
67c1d6d98c8787be36609212,all_same_suit,synthetic,185054.39999997616,,
67c1d6d98c8787be36609212,all_same_suit,synthetic,185055.10000002384,,
67c1d6d98c8787be36609212,all_same_suit,synthetic,185055.79999995232,,
67c1d6d98c8787be36609212,all_same_suit,synthetic,185056.39999997616,,
67c1d6d98c8787be36609212,all_same_suit,synthetic,185057,,
67c1d6d98c8787be36609212,all_same_suit,synthetic,185060.20000004768,,
67c1d6d98c8787be36609212,all_same_suit,synthetic,185061.10000002384,,
67c1d6d98c8787be36609212,all_same_suit,synthetic,185061.89999997616,,
67c1d6d98c8787be36609212,all_same_suit,synthetic,185062.60000002384,,
67c1d6d98c8787be36609212,all_same_suit,synthetic,185063.39999997616,,
67c1d6d98c8787be36609212,all_same_suit,synthetic,185064,,
67c1d6d98c8787be36609212,all_same_suit,synthetic,185064.5,,
67c1d6d98c8787be36609212,all_same_suit,synthetic,185065,,
67c1d6d98c8787be36609212,all_same_suit,synthetic,185065.39999997616,,
67c1d6d98c8787be36609212,all_same_suit,synthetic,185065.79999995232,,
67c1d6d98c8787be36609212,all_same_suit,synthetic,185066.39999997616,,
67c1d6d98c8787be36609212,all_same_suit,synthetic,185066.70000004768,,
67c1d6d98c8787be36609212,all_same_suit,synthetic,185067.20000004768,,
67c1d6d98c8787be36609212,all_same_suit,synthetic,185067.60000002384,,
67c1d6d98c8787be36609212,all_same_suit,synthetic,185068.10000002384,,
67c1d6d98c8787be36609212,all_same_suit,synthetic,185068.60000002384,,
67c1d6d98c8787be36609212,all_same_suit,synthetic,185069.10000002384,,
67c1d6d98c8787be36609212,all_same_suit,synthetic,185069.5,,
67c1d6d98c8787be36609212,all_same_suit,synthetic,185070,,
67c1d6d98c8787be36609212,all_same_suit,synthetic,185070.39999997616,,
67c1d6d98c8787be36609212,all_same_suit,synthetic,185070.79999995232,,
67c1d6d98c8787be36609212,all_same_suit,synthetic,185071.29999995232,,
67c1d6d98c8787be36609212,all_same_suit,synthetic,185071.60000002384,,
67c1d6d98c8787be36609212,all_same_suit,synthetic,185072.10000002384,,
67c1d6d98c8787be36609212,all_same_suit,synthetic,185072.60000002384,,
67c1d6d98c8787be36609212,all_same_suit,synthetic,185073.10000002384,,
67c1d6d98c8787be36609212,all_same_suit,synthetic,185073.5,,
67c1d6d98c8787be36609212,all_same_suit,synthetic,185073.89999997616,,
67c1d6d98c8787be36609212,all_same_suit,synthetic,185074.5,,
67c1d6d98c8787be36609212,all_same_suit,synthetic,185075.29999995232,,
67c1d6d98c8787be36609212,all_same_suit,synthetic,185076,,
67c1d6d98c8787be36609212,all_same_suit,synthetic,185076.5,,
67c1d6d98c8787be36609212,all_same_suit,synthetic,185077,,
67c1d6d98c8787be36609212,all_same_suit,synthetic,185077.39999997616,,
67c1d6d98c8787be36609212,all_same_suit,synthetic,185077.79999995232,,
67c1d6d98c8787be36609212,all_same_suit,synthetic,185078.20000004768,,
67c1d6d98c8787be36609212,all_same_suit,synthetic,185078.60000002384,,
67c1d6d98c8787be36609212,all_same_suit,synthetic,185079.10000002384,,
67c1d6d98c8787be36609212,all_same_suit,synthetic,185079.5,,
67c1d6d98c8787be36609212,all_same_suit,synthetic,185080,,
67c1d6d98c8787be36609212,all_same_suit,synthetic,192960.70000004768,,
67c1d6d98c8787be36609212,all_same_suit,synthetic,192961.89999997616,,
67c1d6d98c8787be36609212,all_same_suit,synthetic,192962.89999997616,,
67c1d6d98c8787be36609212,all_same_suit,synthetic,192963.70000004768,,
67c1d6d98c8787be36609212,all_same_suit,synthetic,192964.5,,
67c1d6d98c8787be36609212,all_same_suit,synthetic,192965,,
67c1d6d98c8787be36609212,all_same_suit,synthetic,192965.79999995232,,
67c1d6d98c8787be36609212,all_same_suit,synthetic,192966.5,,
67c1d6d98c8787be36609212,all_same_suit,synthetic,192966.89999997616,,
67c1d6d98c8787be36609212,all_same_suit,synthetic,192967.29999995232,,
67c1d6d98c8787be36609212,all_same_suit,synthetic,192967.70000004768,,
67c1d6d98c8787be36609212,all_same_suit,synthetic,192968.20000004768,,
67c1d6d98c8787be36609212,all_same_suit,synthetic,192968.5,,
67c1d6d98c8787be36609212,all_same_suit,synthetic,192968.79999995232,,
67c1d6d98c8787be36609212,all_same_suit,synthetic,192969.10000002384,,
67c1d6d98c8787be36609212,all_same_suit,synthetic,192969.5,,
67c1d6d98c8787be36609212,all_same_suit,synthetic,192969.89999997616,,
67c1d6d98c8787be36609212,all_same_suit,synthetic,192970.39999997616,,
67c1d6d98c8787be36609212,all_same_suit,synthetic,192970.79999995232,,
67c1d6d98c8787be36609212,all_same_suit,synthetic,192971.10000002384,,
67c1d6d98c8787be36609212,all_same_suit,synthetic,192971.39999997616,,
67c1d6d98c8787be36609212,all_same_suit,synthetic,192971.70000004768,,
67c1d6d98c8787be36609212,all_same_suit,synthetic,192972.10000002384,,
67c1d6d98c8787be36609212,all_same_suit,synthetic,192972.39999997616,,
67c1d6d98c8787be36609212,all_same_suit,synthetic,192972.70000004768,,
67c1d6d98c8787be36609212,all_same_suit,synthetic,192973,,
67c1d6d98c8787be36609212,all_same_suit,synthetic,192973.39999997616,,
67c1d6d98c8787be36609212,all_same_suit,synthetic,192973.60000002384,,
67c1d6d98c8787be36609212,all_same_suit,synthetic,192974,,
67c1d6d98c8787be36609212,all_same_suit,synthetic,192975,,
67c1d6d98c8787be36609212,all_same_suit,synthetic,192975.70000004768,,
67c1d6d98c8787be36609212,all_same_suit,synthetic,192976.60000002384,,
67c1d6d98c8787be36609212,all_same_suit,synthetic,192977.39999997616,,
67c1d6d98c8787be36609212,all_same_suit,synthetic,192977.89999997616,,
67c1d6d98c8787be36609212,all_same_suit,synthetic,192978.39999997616,,
67c1d6d98c8787be36609212,all_same_suit,synthetic,192978.70000004768,,
67c1d6d98c8787be36609212,all_same_suit,synthetic,192979.10000002384,,
67c1d6d98c8787be36609212,all_same_suit,synthetic,192979.39999997616,,
67c1d6d98c8787be36609212,all_same_suit,synthetic,192979.79999995232,,
67c1d6d98c8787be36609212,all_same_suit,synthetic,192980.20000004768,,
67c1d6d98c8787be36609212,all_same_suit,synthetic,192980.60000002384,,
67c1d6d98c8787be36609212,all_same_suit,synthetic,192981,,
67c1d6d98c8787be36609212,all_same_suit,synthetic,192981.29999995232,,
67c1d6d98c8787be36609212,all_same_suit,synthetic,192981.60000002384,,
67c1d6d98c8787be36609212,all_same_suit,synthetic,192981.89999997616,,
67c1d6d98c8787be36609212,all_same_suit,synthetic,192982.29999995232,,
67c1d6d98c8787be36609212,all_same_suit,synthetic,192982.60000002384,,
67c1d6d98c8787be36609212,all_same_suit,synthetic,192982.89999997616,,
67c1d6d98c8787be36609212,all_same_suit,synthetic,192983.29999995232,,
67c1d6d98c8787be36609212,all_same_suit,synthetic,192983.70000004768,,
67c1d6d98c8787be36609212,all_same_suit,synthetic,192984.10000002384,,
67c1d6d98c8787be36609212,all_same_suit,synthetic,192984.5,,
67c1d6d98c8787be36609212,all_same_suit,synthetic,192984.89999997616,,
67c1d6d98c8787be36609212,all_same_suit,synthetic,192985.29999995232,,
67c1d6d98c8787be36609212,all_same_suit,synthetic,192985.5,,
67c1d6d98c8787be36609212,all_same_suit,synthetic,192985.89999997616,,
67c1d6d98c8787be36609212,all_same_suit,synthetic,192986.20000004768,,
67c1d6d98c8787be36609212,all_same_suit,synthetic,192986.5,,
67c1d6d98c8787be36609212,all_same_suit,synthetic,192986.89999997616,,
67c1d6d98c8787be36609212,all_same_suit,synthetic,192987.20000004768,,
67c1d6d98c8787be36609212,all_same_suit,synthetic,192987.5,,
67c1d6d98c8787be36609212,all_same_suit,synthetic,192987.79999995232,,
67c1d6d98c8787be36609212,all_same_suit,synthetic,192988.10000002384,,
67c1d6d98c8787be36609212,all_same_suit,synthetic,192988.39999997616,,
67c1d6d98c8787be36609212,all_same_suit,synthetic,192988.70000004768,,
67c1d6d98c8787be36609212,all_same_suit,synthetic,192989.20000004768,,
67c1d6d98c8787be36609212,all_same_suit,synthetic,192989.5,,
67c1d6d98c8787be36609212,all_same_suit,synthetic,192990,,
67c1d6d98c8787be36609212,all_same_suit,synthetic,192990.29999995232,,
67c1d6d98c8787be36609212,all_same_suit,synthetic,192990.70000004768,,
67c1d6d98c8787be36609212,all_same_suit,synthetic,192991.29999995232,,
67c1d6d98c8787be36609212,all_same_suit,synthetic,192992,,
67c1d6d98c8787be36609212,all_same_suit,synthetic,192992.5,,
67c1d6d98c8787be36609212,all_same_suit,synthetic,192992.89999997616,,
67c1d6d98c8787be36609212,all_same_suit,synthetic,192993.29999995232,,
67c1d6d98c8787be36609212,all_same_suit,synthetic,192993.70000004768,,
67c1d6d98c8787be36609212,all_same_suit,synthetic,192994.20000004768,,
67c1d6d98c8787be36609212,all_same_suit,synthetic,192994.70000004768,,
67c1d6d98c8787be36609212,all_same_suit,synthetic,192995.10000002384,,
67c1d6d98c8787be36609212,all_same_suit,synthetic,192995.5,,
67c1d6d98c8787be36609212,all_same_suit,synthetic,192995.89999997616,,
67c1d6d98c8787be36609212,all_same_suit,synthetic,192996.29999995232,,
67c1d6d98c8787be36609212,all_same_suit,synthetic,192996.70000004768,,
67c1d6d98c8787be36609212,all_same_suit,synthetic,192997,,
67c1d6d98c8787be36609212,all_same_suit,synthetic,192997.39999997616,,
67c1d6d98c8787be36609212,all_same_suit,synthetic,192997.70000004768,,
67c1d6d98c8787be36609212,all_same_suit,synthetic,192998.10000002384,,
67c1d6d98c8787be36609212,all_same_suit,synthetic,192998.39999997616,,
67c1d6d98c8787be36609212,all_same_suit,synthetic,192998.79999995232,,
67c1d6d98c8787be36609212,all_same_suit,synthetic,192999.10000002384,,
67c1d6d98c8787be36609212,all_same_suit,synthetic,192999.5,,
67c1d6d98c8787be36609212,all_same_suit,synthetic,192999.79999995232,,
67c1d6d98c8787be36609212,all_same_suit,synthetic,193000.10000002384,,
67c1d6d98c8787be36609212,all_same_suit,synthetic,193000.39999997616,,
67c1d6d98c8787be36609212,all_same_suit,synthetic,193000.89999997616,,
67c1d6d98c8787be36609212,all_same_suit,synthetic,193001.20000004768,,
67c1d6d98c8787be36609212,all_same_suit,synthetic,193001.60000002384,,
67c1d6d98c8787be36609212,all_same_suit,synthetic,193002,,
67c1d6d98c8787be36609212,all_same_suit,synthetic,193002.39999997616,,
67c1d6d98c8787be36609212,all_same_suit,synthetic,193002.79999995232,,
67c1d6d98c8787be36609212,all_same_suit,synthetic,193003.10000002384,,
67c1d6d98c8787be36609212,all_same_suit,synthetic,193003.5,,
67c1d6d98c8787be36609212,all_same_suit,synthetic,193003.89999997616,,
67c1d6d98c8787be36609212,all_same_suit,synthetic,193004.29999995232,,
67c1d6d98c8787be36609212,all_same_suit,synthetic,193004.79999995232,,
67c1d6d98c8787be36609212,all_same_suit,synthetic,193005.20000004768,,
67c1d6d98c8787be36609212,all_same_suit,synthetic,193005.5,,
67c1d6d98c8787be36609212,all_same_suit,synthetic,193005.89999997616,,
67c1d6d98c8787be36609212,all_same_suit,synthetic,193006.20000004768,,
67c1d6d98c8787be36609212,all_same_suit,synthetic,193006.5,,
67c1d6d98c8787be36609212,all_same_suit,synthetic,193006.89999997616,,
67c1d6d98c8787be36609212,all_same_suit,synthetic,193007.29999995232,,
67c1d6d98c8787be36609212,all_same_suit,synthetic,195811.29999995232,,
67c1d6d98c8787be36609212,all_same_suit,synthetic,195812.29999995232,,
67c1d6d98c8787be36609212,all_same_suit,synthetic,195813.20000004768,,
67c1d6d98c8787be36609212,all_same_suit,synthetic,195813.89999997616,,
67c1d6d98c8787be36609212,all_same_suit,synthetic,195814.79999995232,,
67c1d6d98c8787be36609212,all_same_suit,synthetic,195815.39999997616,,
67c1d6d98c8787be36609212,all_same_suit,synthetic,195816.10000002384,,
67c1d6d98c8787be36609212,all_same_suit,synthetic,195816.60000002384,,
67c1d6d98c8787be36609212,all_same_suit,synthetic,195817.29999995232,,
67c1d6d98c8787be36609212,all_same_suit,synthetic,195817.89999997616,,
67c1d6d98c8787be36609212,all_same_suit,synthetic,195818.5,,
67c1d6d98c8787be36609212,all_same_suit,synthetic,195819,,
67c1d6d98c8787be36609212,all_same_suit,synthetic,195819.5,,
67c1d6d98c8787be36609212,all_same_suit,synthetic,195819.79999995232,,
67c1d6d98c8787be36609212,all_same_suit,synthetic,195820.20000004768,,
67c1d6d98c8787be36609212,all_same_suit,synthetic,200327.5,,
67c1d6d98c8787be36609212,all_same_suit,synthetic,200328.89999997616,,
67c1d6d98c8787be36609212,all_same_suit,synthetic,200329.70000004768,,
67c1d6d98c8787be36609212,all_same_suit,synthetic,200330.70000004768,,
67c1d6d98c8787be36609212,all_same_suit,synthetic,200331.5,,
67c1d6d98c8787be36609212,all_same_suit,synthetic,200332.29999995232,,
67c1d6d98c8787be36609212,all_same_suit,synthetic,200333,,
67c1d6d98c8787be36609212,all_same_suit,synthetic,200333.60000002384,,
67c1d6d98c8787be36609212,all_same_suit,synthetic,200334.29999995232,,
67c1d6d98c8787be36609212,all_same_suit,synthetic,200335,,
67c1d6d98c8787be36609212,all_same_suit,synthetic,200335.60000002384,,
67c1d6d98c8787be36609212,all_same_suit,synthetic,200336.10000002384,,
67c1d6d98c8787be36609212,all_same_suit,synthetic,200336.5,,
67c1d6d98c8787be36609212,all_same_suit,synthetic,203918.39999997616,,
67c1d6d98c8787be36609212,all_same_suit,synthetic,203919.39999997616,,
67c1d6d98c8787be36609212,all_same_suit,synthetic,203920.20000004768,,
67c1d6d98c8787be36609212,all_same_suit,synthetic,203921.10000002384,,
67c1d6d98c8787be36609212,all_same_suit,synthetic,203921.89999997616,,
67c1d6d98c8787be36609212,all_same_suit,synthetic,206692.60000002384,,
67c1d6d98c8787be36609212,all_same_suit,synthetic,206693.60000002384,,
67c1d6d98c8787be36609212,all_same_suit,synthetic,206694.29999995232,,
67c1d6d98c8787be36609212,all_same_suit,synthetic,206694.89999997616,,
67c1d6d98c8787be36609212,all_same_suit,synthetic,206695.29999995232,,
67c1d6d98c8787be36609212,all_same_suit,synthetic,210909.10000002384,,
67c1d6d98c8787be36609212,all_same_suit,synthetic,210910.29999995232,,
67c1d6d98c8787be36609212,all_same_suit,synthetic,210911.39999997616,,
67c1d6d98c8787be36609212,all_same_suit,synthetic,210912.20000004768,,
67c1d6d98c8787be36609212,all_same_suit,synthetic,210912.60000002384,,
67c1d6d98c8787be36609212,all_same_suit,synthetic,214710.70000004768,,
67c1d6d98c8787be36609212,all_same_suit,synthetic,214711.39999997616,,
67c1d6d98c8787be36609212,all_same_suit,synthetic,214711.89999997616,,
67c1d6d98c8787be36609212,all_same_suit,synthetic,239349,,
67c1d6d98c8787be36609212,all_same_suit,synthetic,239350,,
67c1d6d98c8787be36609212,all_same_suit,synthetic,239350.70000004768,,
67c1d6d98c8787be36609212,all_same_suit,synthetic,239351.10000002384,,
67c1d6d98c8787be36609212,all_same_suit,synthetic,239351.39999997616,,
67c1d6d98c8787be36609212,all_same_suit,synthetic,239351.79999995232,,
67c1d6d98c8787be36609212,all_same_suit,synthetic,239352,,
67c1d6d98c8787be36609212,all_same_suit,synthetic,239352.29999995232,,
67c1d6d98c8787be36609212,all_same_suit,synthetic,239352.70000004768,,
67c1d6d98c8787be36609212,all_same_suit,synthetic,239352.89999997616,,
67c1d6d98c8787be36609212,all_same_suit,synthetic,239353.29999995232,,
67c1d6d98c8787be36609212,all_same_suit,synthetic,239353.5,,
67c1d6d98c8787be36609212,all_same_suit,synthetic,239353.79999995232,,
67c1d6d98c8787be36609212,all_same_suit,synthetic,239354.20000004768,,
67c1d6d98c8787be36609212,all_same_suit,synthetic,239354.79999995232,,
67c1d6d98c8787be36609212,all_same_suit,synthetic,239355.10000002384,,
67c1d6d98c8787be36609212,all_same_suit,synthetic,239355.70000004768,,
67c1d6d98c8787be36609212,all_same_suit,synthetic,239356.5,,
67c1d6d98c8787be36609212,all_same_suit,synthetic,239357.20000004768,,
67c1d6d98c8787be36609212,all_same_suit,synthetic,239357.60000002384,,
67c1d6d98c8787be36609212,all_same_suit,synthetic,239358.29999995232,,
67c1d6d98c8787be36609212,all_same_suit,synthetic,239358.79999995232,,
67c1d6d98c8787be36609212,all_same_suit,synthetic,239359.20000004768,,
67c1d6d98c8787be36609212,all_same_suit,tabAway,42071.39999997616,3743,windowBlur
67c1d6d98c8787be36609212,all_same_suit,tabAway,45903.299999952316,54,windowBlur
67c1d6d98c8787be36609212,all_same_suit,tabAway,46008,11,windowBlur
67c1d6d98c8787be36609212,four_kind_adjacent_any,synthetic,259173.29999995232,,
67c1d6d98c8787be36609212,four_kind_adjacent_any,synthetic,259174.10000002384,,
67c1d6d98c8787be36609212,four_kind_adjacent_any,synthetic,259174.70000004768,,
67c1d6d98c8787be36609212,four_kind_adjacent_any,synthetic,259175.5,,
67c1d6d98c8787be36609212,four_kind_adjacent_any,synthetic,259175.79999995232,,
67c1d6d98c8787be36609212,four_kind_adjacent_any,synthetic,259176.20000004768,,
67c1d6d98c8787be36609212,four_kind_adjacent_any,synthetic,259176.5,,
67c1d6d98c8787be36609212,four_kind_adjacent_any,synthetic,259178.70000004768,,
67c1d6d98c8787be36609212,four_kind_adjacent_any,synthetic,259179.89999997616,,
67c1d6d98c8787be36609212,four_kind_adjacent_any,synthetic,259180.5,,
67c1d6d98c8787be36609212,four_kind_adjacent_any,synthetic,259180.89999997616,,
67c1d6d98c8787be36609212,four_kind_adjacent_any,synthetic,259181.29999995232,,
67c1d6d98c8787be36609212,four_kind_adjacent_any,synthetic,259181.5,,
67c1d6d98c8787be36609212,four_kind_adjacent_any,synthetic,259181.89999997616,,
67c1d6d98c8787be36609212,four_kind_adjacent_any,synthetic,259182.20000004768,,
67c1d6d98c8787be36609212,four_kind_adjacent_any,synthetic,259182.5,,
67c1d6d98c8787be36609212,four_kind_adjacent_any,synthetic,259182.79999995232,,
67c1d6d98c8787be36609212,four_kind_adjacent_any,synthetic,259183.20000004768,,
67c1d6d98c8787be36609212,four_kind_adjacent_any,synthetic,259183.5,,
67c1d6d98c8787be36609212,four_kind_adjacent_any,synthetic,259183.70000004768,,
67c1d6d98c8787be36609212,four_kind_adjacent_any,synthetic,259184.10000002384,,
67c1d6d98c8787be36609212,four_kind_adjacent_any,synthetic,259184.60000002384,,
67c1d6d98c8787be36609212,four_kind_adjacent_any,synthetic,259184.89999997616,,
67c1d6d98c8787be36609212,four_kind_adjacent_any,synthetic,259185.20000004768,,
67c1d6d98c8787be36609212,four_kind_adjacent_any,synthetic,259185.5,,
67c1d6d98c8787be36609212,four_kind_adjacent_any,synthetic,259185.89999997616,,
67c1d6d98c8787be36609212,four_kind_adjacent_any,synthetic,259186.20000004768,,
67c1d6d98c8787be36609212,four_kind_adjacent_any,synthetic,259186.39999997616,,
67c1d6d98c8787be36609212,four_kind_adjacent_any,synthetic,259186.70000004768,,
67c1d6d98c8787be36609212,four_kind_adjacent_any,synthetic,259187.10000002384,,
67c1d6d98c8787be36609212,four_kind_adjacent_any,synthetic,259187.70000004768,,
67c1d6d98c8787be36609212,four_kind_adjacent_any,synthetic,259188.29999995232,,
67c1d6d98c8787be36609212,four_kind_adjacent_any,synthetic,259188.89999997616,,
67c1d6d98c8787be36609212,four_kind_adjacent_any,synthetic,259189.39999997616,,
67c1d6d98c8787be36609212,suit_chain_dsh,synthetic,293184.60000002384,,
67c1d6d98c8787be36609212,suit_chain_dsh,synthetic,293185.2999999523,,
67c1d6d98c8787be36609212,suit_chain_dsh,synthetic,293186.2000000477,,
67c1d6d98c8787be36609212,suit_chain_dsh,synthetic,293187.10000002384,,
67c1d6d98c8787be36609212,suit_chain_dsh,synthetic,293188.2000000477,,
67c1d6d98c8787be36609212,suit_chain_dsh,synthetic,293189.2000000477,,
67c1d6d98c8787be36609212,suit_chain_dsh,synthetic,293189.7999999523,,
67c1d6d98c8787be36609212,suit_chain_dsh,synthetic,293190.2999999523,,
67c1d6d98c8787be36609212,suit_chain_dsh,synthetic,293190.89999997616,,
67c1d6d98c8787be36609212,suit_chain_dsh,synthetic,293191.39999997616,,
67c1d6d98c8787be36609212,suit_chain_dsh,synthetic,293191.7999999523,,
67c1d6d98c8787be36609212,suit_chain_dsh,synthetic,293192.2000000477,,
67c1d6d98c8787be36609212,suit_chain_dsh,synthetic,293192.60000002384,,
67c1d6d98c8787be36609212,suit_chain_dsh,synthetic,293193.10000002384,,
67c1d6d98c8787be36609212,suit_chain_dsh,synthetic,293193.60000002384,,
67c1d6d98c8787be36609212,suit_chain_dsh,synthetic,293194.10000002384,,
67c1d6d98c8787be36609212,suit_chain_dsh,synthetic,293194.60000002384,,
67c1d6d98c8787be36609212,suit_chain_dsh,synthetic,293195,,
67c1d6d98c8787be36609212,suit_chain_dsh,synthetic,293195.60000002384,,
67c1d6d98c8787be36609212,suit_chain_dsh,synthetic,293196.10000002384,,
67c1d6d98c8787be36609212,suit_chain_dsh,synthetic,293196.7000000477,,
67c1d6d98c8787be36609212,suit_chain_dsh,synthetic,293197.2999999523,,
67c1d6d98c8787be36609212,suit_chain_dsh,synthetic,293197.7000000477,,
67c1d6d98c8787be36609212,suit_chain_dsh,synthetic,293198.2999999523,,
67c1d6d98c8787be36609212,suit_chain_dsh,synthetic,293198.7999999523,,
67c1d6d98c8787be36609212,suit_chain_dsh,synthetic,293199.2000000477,,
67c1d6d98c8787be36609212,suit_chain_dsh,synthetic,293199.60000002384,,
67c1d6d98c8787be36609212,suit_chain_dsh,synthetic,293200.10000002384,,
67c1d6d98c8787be36609212,suit_chain_dsh,synthetic,293200.60000002384,,
67c1d6d98c8787be36609212,suit_chain_dsh,synthetic,293201,,
67c1d6d98c8787be36609212,suit_chain_dsh,synthetic,293201.2999999523,,
67c1d6d98c8787be36609212,suit_chain_dsh,synthetic,293201.7999999523,,
67c1d6d98c8787be36609212,left_red_right_black,synthetic,332394,,
67c1d6d98c8787be36609212,left_red_right_black,synthetic,332395,,
67c1d6d98c8787be36609212,left_red_right_black,synthetic,332395.7000000477,,
67c1d6d98c8787be36609212,left_red_right_black,synthetic,332396.2999999523,,
67c1d6d98c8787be36609212,left_red_right_black,synthetic,332396.7999999523,,
67c1d6d98c8787be36609212,left_red_right_black,synthetic,332397.2000000477,,
67c1d6d98c8787be36609212,left_red_right_black,synthetic,332397.60000002384,,
67c1d6d98c8787be36609212,left_red_right_black,synthetic,332398,,
67c1d6d98c8787be36609212,left_red_right_black,synthetic,332398.2999999523,,
67c1d6d98c8787be36609212,left_red_right_black,synthetic,332398.7999999523,,
67c1d6d98c8787be36609212,left_red_right_black,synthetic,332399.2999999523,,
67c1d6d98c8787be36609212,left_red_right_black,synthetic,332399.7000000477,,
67c1d6d98c8787be36609212,left_red_right_black,synthetic,332400.2999999523,,
67c1d6d98c8787be36609212,left_red_right_black,synthetic,332401.10000002384,,
67c1d6d98c8787be36609212,left_red_right_black,synthetic,332401.7999999523,,
67c1d6d98c8787be36609212,left_red_right_black,synthetic,332403,,
67c1d6d98c8787be36609212,left_red_right_black,synthetic,332403.7000000477,,
67c1d6d98c8787be36609212,left_red_right_black,synthetic,332404.2000000477,,
67c1d6d98c8787be36609212,left_red_right_black,synthetic,332404.7999999523,,
67c1d6d98c8787be36609212,left_red_right_black,synthetic,332405.2999999523,,
67c1d6d98c8787be36609212,left_red_right_black,synthetic,332405.60000002384,,
67c1d6d98c8787be36609212,left_red_right_black,synthetic,332405.89999997616,,
67c1d6d98c8787be36609212,left_red_right_black,synthetic,332406.2000000477,,
67c1d6d98c8787be36609212,left_red_right_black,synthetic,332406.60000002384,,
67c1d6d98c8787be36609212,left_red_right_black,synthetic,332406.89999997616,,
67c1d6d98c8787be36609212,left_red_right_black,synthetic,332407.10000002384,,
67c1d6d98c8787be36609212,left_red_right_black,synthetic,332407.5,,
67c1d6d98c8787be36609212,left_red_right_black,synthetic,332407.7999999523,,
67c1d6d98c8787be36609212,left_red_right_black,synthetic,332408,,
67c1d6d98c8787be36609212,left_red_right_black,synthetic,332408.2999999523,,
67c1d6d98c8787be36609212,left_red_right_black,synthetic,332408.60000002384,,
67c1d6d98c8787be36609212,left_red_right_black,synthetic,332408.89999997616,,
67c1d6d98c8787be36609212,left_red_right_black,synthetic,332409.2000000477,,
67c1d6d98c8787be36609212,left_red_right_black,synthetic,332409.5,,
67c1d6d98c8787be36609212,left_red_right_black,synthetic,332409.89999997616,,
67c1d6d98c8787be36609212,left_red_right_black,synthetic,332410.2000000477,,
67c1d6d98c8787be36609212,left_red_right_black,synthetic,332410.39999997616,,
67c1d6d98c8787be36609212,left_red_right_black,synthetic,332410.7999999523,,
67c1d6d98c8787be36609212,left_red_right_black,synthetic,332411.10000002384,,
67c1d6d98c8787be36609212,left_red_right_black,synthetic,332411.39999997616,,
67c1d6d98c8787be36609212,left_red_right_black,synthetic,332411.7000000477,,
67c1d6d98c8787be36609212,left_red_right_black,synthetic,332412,,
67c1d6d98c8787be36609212,left_red_right_black,synthetic,332412.2999999523,,
67c1d6d98c8787be36609212,left_red_right_black,synthetic,332412.7000000477,,
67c1d6d98c8787be36609212,left_red_right_black,synthetic,332413,,
67c1d6d98c8787be36609212,left_red_right_black,synthetic,332413.2999999523,,
67c1d6d98c8787be36609212,left_red_right_black,synthetic,332413.60000002384,,
67c1d6d98c8787be36609212,left_red_right_black,synthetic,332413.89999997616,,
67c1d6d98c8787be36609212,left_red_right_black,synthetic,332414.2999999523,,
67c1d6d98c8787be36609212,left_red_right_black,synthetic,332414.7000000477,,
67c1d6d98c8787be36609212,left_red_right_black,synthetic,332415,,
67c1d6d98c8787be36609212,left_red_right_black,synthetic,334251.39999997616,,
67c1d6d98c8787be36609212,left_red_right_black,synthetic,334252.60000002384,,
67c1d6d98c8787be36609212,left_red_right_black,synthetic,334253.2999999523,,
67c1d6d98c8787be36609212,left_red_right_black,synthetic,334254.10000002384,,
67c1d6d98c8787be36609212,left_red_right_black,synthetic,334254.89999997616,,
67c1d6d98c8787be36609212,left_red_right_black,synthetic,334255.5,,
67c1d6d98c8787be36609212,left_red_right_black,synthetic,334255.89999997616,,
67c1d6d98c8787be36609212,left_red_right_black,synthetic,334256.2999999523,,
67c1d6d98c8787be36609212,left_red_right_black,synthetic,334256.7000000477,,
67c1d6d98c8787be36609212,left_red_right_black,synthetic,334257.39999997616,,
67c1d6d98c8787be36609212,left_red_right_black,synthetic,334257.7999999523,,
67c1d6d98c8787be36609212,both_halves_have_pair_rank,synthetic,371335.7999999523,,
67c1d6d98c8787be36609212,both_halves_have_pair_rank,synthetic,371336.89999997616,,
67c1d6d98c8787be36609212,both_halves_have_pair_rank,synthetic,371337.7000000477,,
67c1d6d98c8787be36609212,both_halves_have_pair_rank,synthetic,371338.2999999523,,
67c1d6d98c8787be36609212,both_halves_have_pair_rank,synthetic,371338.89999997616,,
67c1d6d98c8787be36609212,both_halves_have_pair_rank,synthetic,371339.5,,
67c1d6d98c8787be36609212,both_halves_have_pair_rank,synthetic,371339.89999997616,,
67c1d6d98c8787be36609212,both_halves_have_pair_rank,synthetic,371340.39999997616,,
67c1d6d98c8787be36609212,both_halves_have_pair_rank,synthetic,371340.7999999523,,
67c1d6d98c8787be36609212,both_halves_have_pair_rank,synthetic,371341.2999999523,,
67c1d6d98c8787be36609212,both_halves_have_pair_rank,synthetic,371341.7999999523,,
67c1d6d98c8787be36609212,both_halves_have_pair_rank,synthetic,371342.2999999523,,
67c1d6d98c8787be36609212,both_halves_have_pair_rank,synthetic,371342.7000000477,,
67c1d6d98c8787be36609212,both_halves_have_pair_rank,synthetic,371343.2000000477,,
67c1d6d98c8787be36609212,both_halves_have_pair_rank,synthetic,371343.7000000477,,
67c1d6d98c8787be36609212,both_halves_have_pair_rank,synthetic,371344.10000002384,,
67c1d6d98c8787be36609212,both_halves_have_pair_rank,synthetic,371344.7000000477,,
67c1d6d98c8787be36609212,both_halves_have_pair_rank,synthetic,379949.60000002384,,
67c1d6d98c8787be36609212,both_halves_have_pair_rank,synthetic,379950.60000002384,,
67c1d6d98c8787be36609212,both_halves_have_pair_rank,synthetic,379951.60000002384,,
67c1d6d98c8787be36609212,both_halves_have_pair_rank,synthetic,379952.39999997616,,
67c1d6d98c8787be36609212,both_halves_have_pair_rank,synthetic,379952.7999999523,,
67c1d6d98c8787be36609212,both_halves_have_pair_rank,synthetic,379953.2000000477,,
67c1d6d98c8787be36609212,both_halves_have_pair_rank,synthetic,379953.39999997616,,
67c1d6d98c8787be36609212,both_halves_have_pair_rank,synthetic,379953.7999999523,,
67c1d6d98c8787be36609212,both_halves_have_pair_rank,synthetic,379954.10000002384,,
67c1d6d98c8787be36609212,both_halves_have_pair_rank,synthetic,379954.39999997616,,
67c1d6d98c8787be36609212,both_halves_have_pair_rank,synthetic,379954.7000000477,,
67c1d6d98c8787be36609212,both_halves_have_pair_rank,synthetic,379955,,
67c1d6d98c8787be36609212,both_halves_have_pair_rank,synthetic,379955.39999997616,,
67c1d6d98c8787be36609212,both_halves_have_pair_rank,synthetic,379955.7000000477,,
67c1d6d98c8787be36609212,both_halves_have_pair_rank,synthetic,379955.89999997616,,
67c1d6d98c8787be36609212,both_halves_have_pair_rank,synthetic,379956.2999999523,,
67c1d6d98c8787be36609212,both_halves_have_pair_rank,synthetic,379956.7999999523,,
67c1d6d98c8787be36609212,both_halves_have_pair_rank,synthetic,379957.10000002384,,
67c1d6d98c8787be36609212,both_halves_have_pair_rank,synthetic,379957.39999997616,,
67c1d6d98c8787be36609212,both_halves_have_pair_rank,synthetic,379957.7000000477,,
67c1d6d98c8787be36609212,both_halves_have_pair_rank,synthetic,379958,,
67c1d6d98c8787be36609212,both_halves_have_pair_rank,synthetic,379958.2999999523,,
67c1d6d98c8787be36609212,both_halves_have_pair_rank,synthetic,379958.60000002384,,
67c1d6d98c8787be36609212,both_halves_have_pair_rank,synthetic,379958.7999999523,,
67c1d6d98c8787be36609212,both_halves_have_pair_rank,synthetic,379959.2000000477,,
67c1d6d98c8787be36609212,both_halves_have_pair_rank,synthetic,379959.60000002384,,
67c1d6d98c8787be36609212,both_halves_have_pair_rank,synthetic,379960.10000002384,,
67c1d6d98c8787be36609212,both_halves_have_pair_rank,synthetic,379960.5,,
67c1d6d98c8787be36609212,both_halves_have_pair_rank,synthetic,379960.89999997616,,
67c1d6d98c8787be36609212,both_halves_have_pair_rank,synthetic,379961.2999999523,,
67c1d6d98c8787be36609212,both_halves_have_pair_rank,synthetic,379961.60000002384,,
67c1d6d98c8787be36609212,both_halves_have_pair_rank,synthetic,379962,,
67c1d6d98c8787be36609212,both_halves_have_pair_rank,synthetic,379962.5,,
67c1d6d98c8787be36609212,both_halves_have_pair_rank,synthetic,379962.89999997616,,
67c1d6d98c8787be36609212,both_halves_have_pair_rank,synthetic,379963.2000000477,,
67c1d6d98c8787be36609212,both_halves_have_pair_rank,synthetic,379963.5,,
67c1d6d98c8787be36609212,both_halves_have_pair_rank,synthetic,379963.7999999523,,
67c1d6d98c8787be36609212,immediate_bracket_closure,synthetic,431537.39999997616,,
67c1d6d98c8787be36609212,immediate_bracket_closure,synthetic,431538.2000000477,,
67c1d6d98c8787be36609212,immediate_bracket_closure,synthetic,431538.7000000477,,
67c1d6d98c8787be36609212,immediate_bracket_closure,synthetic,431539.2000000477,,
67c1d6d98c8787be36609212,immediate_bracket_closure,synthetic,431539.60000002384,,
67c1d6d98c8787be36609212,immediate_bracket_closure,synthetic,431540,,
67c1d6d98c8787be36609212,immediate_bracket_closure,synthetic,431540.39999997616,,
67c1d6d98c8787be36609212,immediate_bracket_closure,synthetic,431540.7999999523,,
67c1d6d98c8787be36609212,immediate_bracket_closure,synthetic,431541.2000000477,,
67c1d6d98c8787be36609212,immediate_bracket_closure,synthetic,431541.5,,
67c1d6d98c8787be36609212,immediate_bracket_closure,synthetic,431541.89999997616,,
67c1d6d98c8787be36609212,immediate_bracket_closure,synthetic,431542.2000000477,,
67c1d6d98c8787be36609212,immediate_bracket_closure,synthetic,431542.60000002384,,
67c1d6d98c8787be36609212,immediate_bracket_closure,synthetic,435724.10000002384,,
67c1d6d98c8787be36609212,immediate_bracket_closure,synthetic,435725.2000000477,,
67c1d6d98c8787be36609212,immediate_bracket_closure,synthetic,435725.7000000477,,
67c1d6d98c8787be36609212,immediate_bracket_closure,synthetic,435726.2000000477,,
67c1d6d98c8787be36609212,immediate_bracket_closure,synthetic,435726.7000000477,,
67c1d6d98c8787be36609212,immediate_bracket_closure,synthetic,445023.89999997616,,
67c1d6d98c8787be36609212,immediate_bracket_closure,synthetic,445025.2999999523,,
67c1d6d98c8787be36609212,immediate_bracket_closure,synthetic,445025.89999997616,,
67c1d6d98c8787be36609212,immediate_bracket_closure,synthetic,445026.2000000477,,
67c1d6d98c8787be36609212,immediate_bracket_closure,synthetic,445026.7000000477,,
67c1d6d98c8787be36609212,immediate_bracket_closure,synthetic,445027.10000002384,,
67c1d6d98c8787be36609212,immediate_bracket_closure,synthetic,445027.5,,
67c1d6d98c8787be36609212,immediate_bracket_closure,synthetic,445028.2000000477,,
67c1d6d98c8787be36609212,immediate_bracket_closure,synthetic,445028.7999999523,,
67c1d6d98c8787be36609212,immediate_bracket_closure,synthetic,445029.2000000477,,
67c1d6d98c8787be36609212,immediate_bracket_closure,synthetic,445030,,
67c1d6d98c8787be36609212,straight5,synthetic,468973.10000002384,,
67c1d6d98c8787be36609212,straight5,synthetic,468974.10000002384,,
67c1d6d98c8787be36609212,straight5,synthetic,468975,,
67c1d6d98c8787be36609212,straight5,synthetic,468975.5,,
67c1d6d98c8787be36609212,straight5,synthetic,468975.89999997616,,
67c1d6d98c8787be36609212,straight5,synthetic,468976.60000002384,,
67c1d6d98c8787be36609212,straight5,synthetic,468977.2000000477,,
67c1d6d98c8787be36609212,straight5,synthetic,468977.89999997616,,
67c1d6d98c8787be36609212,straight5,synthetic,468978.5,,
67c1d6d98c8787be36609212,straight5,synthetic,468978.89999997616,,
67c1d6d98c8787be36609212,straight5,synthetic,468979.2999999523,,
67c1d6d98c8787be36609212,straight5,synthetic,468979.60000002384,,
67c1d6d98c8787be36609212,straight5,synthetic,468980.10000002384,,
67c1d6d98c8787be36609212,straight5,synthetic,468980.2999999523,,
67c1d6d98c8787be36609212,straight5,synthetic,471637.89999997616,,
67c1d6d98c8787be36609212,straight5,synthetic,471638.89999997616,,
67c1d6d98c8787be36609212,straight5,synthetic,471639.89999997616,,
67c1d6d98c8787be36609212,straight5,synthetic,471640.7000000477,,
67c1d6d98c8787be36609212,straight5,synthetic,471641.39999997616,,
67c1d6d98c8787be36609212,straight5,synthetic,471641.89999997616,,
67c1d6d98c8787be36609212,straight5,synthetic,471642.39999997616,,
67c1d6d98c8787be36609212,straight5,synthetic,471643.2999999523,,
67c1d6d98c8787be36609212,straight5,synthetic,471644.10000002384,,
67c1d6d98c8787be36609212,straight5,synthetic,471645.2999999523,,
67c1d6d98c8787be36609212,straight5,synthetic,471646.10000002384,,
67c1d6d98c8787be36609212,straight5,synthetic,471646.7000000477,,
67c1d6d98c8787be36609212,straight5,synthetic,471647.10000002384,,
67c1d6d98c8787be36609212,straight5,synthetic,471647.5,,
67c1d6d98c8787be36609212,straight5,synthetic,471647.7000000477,,
67c1d6d98c8787be36609212,straight5,synthetic,471648.10000002384,,
67c1d6d98c8787be36609212,straight5,synthetic,471648.39999997616,,
67c1d6d98c8787be36609212,straight5,synthetic,471648.60000002384,,
67c1d6d98c8787be36609212,straight5,synthetic,471648.89999997616,,
67c1d6d98c8787be36609212,straight5,synthetic,471649.2000000477,,
67c1d6d98c8787be36609212,straight5,synthetic,471649.5,,
67c1d6d98c8787be36609212,straight5,synthetic,471649.89999997616,,
67c1d6d98c8787be36609212,all_clubs_or_hearts,synthetic,485328.39999997616,,
67c1d6d98c8787be36609212,all_clubs_or_hearts,synthetic,485329.39999997616,,
67c1d6d98c8787be36609212,all_clubs_or_hearts,synthetic,485330.10000002384,,
67c1d6d98c8787be36609212,all_clubs_or_hearts,synthetic,485331,,
67c1d6d98c8787be36609212,all_clubs_or_hearts,synthetic,485331.7999999523,,
67c1d6d98c8787be36609212,all_clubs_or_hearts,synthetic,485332.60000002384,,
67c1d6d98c8787be36609212,all_clubs_or_hearts,synthetic,485333.2000000477,,
67c1d6d98c8787be36609212,all_clubs_or_hearts,synthetic,485333.89999997616,,
67c1d6d98c8787be36609212,all_clubs_or_hearts,synthetic,485334.60000002384,,
67c1d6d98c8787be36609212,all_clubs_or_hearts,synthetic,485335.2000000477,,
67c1d6d98c8787be36609212,all_clubs_or_hearts,synthetic,485335.7999999523,,
67c1d6d98c8787be36609212,all_clubs_or_hearts,synthetic,485336.5,,
67c1d6d98c8787be36609212,all_clubs_or_hearts,synthetic,485337.2000000477,,
67c1d6d98c8787be36609212,all_clubs_or_hearts,synthetic,485337.7999999523,,
67c1d6d98c8787be36609212,all_clubs_or_hearts,synthetic,486936.60000002384,,
67c1d6d98c8787be36609212,all_clubs_or_hearts,synthetic,486937.5,,
67c1d6d98c8787be36609212,all_clubs_or_hearts,synthetic,486938.10000002384,,
67c1d6d98c8787be36609212,all_clubs_or_hearts,synthetic,486938.7000000477,,
67c1d6d98c8787be36609212,all_clubs_or_hearts,synthetic,486939,,
67c1d6d98c8787be36609212,all_clubs_or_hearts,synthetic,486939.2999999523,,
67c1d6d98c8787be36609212,all_clubs_or_hearts,synthetic,486939.60000002384,,
67c1d6d98c8787be36609212,all_clubs_or_hearts,synthetic,486940,,
67c1d6d98c8787be36609212,all_clubs_or_hearts,synthetic,486940.2999999523,,
67c1d6d98c8787be36609212,all_clubs_or_hearts,synthetic,486940.5,,
67c1d6d98c8787be36609212,all_clubs_or_hearts,synthetic,486940.7999999523,,
67c1d6d98c8787be36609212,all_clubs_or_hearts,synthetic,486941.2000000477,,
67c1d6d98c8787be36609212,halves_copy_ranks,synthetic,504459.5,,
67c1d6d98c8787be36609212,halves_copy_ranks,synthetic,504460.5,,
67c1d6d98c8787be36609212,halves_copy_ranks,synthetic,504461.2999999523,,
67c1d6d98c8787be36609212,halves_copy_ranks,synthetic,504461.7000000477,,
67c1d6d98c8787be36609212,halves_copy_ranks,synthetic,504462.10000002384,,
67c1d6d98c8787be36609212,halves_copy_ranks,synthetic,504462.39999997616,,
67c1d6d98c8787be36609212,halves_copy_ranks,synthetic,504462.7000000477,,
67c1d6d98c8787be36609212,halves_copy_ranks,synthetic,504463,,
67c1d6d98c8787be36609212,halves_copy_ranks,synthetic,504463.2999999523,,
67c1d6d98c8787be36609212,halves_copy_ranks,synthetic,504463.60000002384,,
67c1d6d98c8787be36609212,halves_copy_ranks,synthetic,504463.89999997616,,
67c1d6d98c8787be36609212,halves_copy_ranks,synthetic,504464.2999999523,,
67c1d6d98c8787be36609212,halves_copy_ranks,synthetic,504464.7000000477,,
67c1d6d98c8787be36609212,halves_copy_ranks,synthetic,504465,,
67c1d6d98c8787be36609212,halves_copy_ranks,synthetic,504465.39999997616,,
67c1d6d98c8787be36609212,halves_copy_ranks,synthetic,504465.7999999523,,
67c1d6d98c8787be36609212,halves_copy_ranks,synthetic,504466.10000002384,,
67c1d6d98c8787be36609212,halves_copy_ranks,synthetic,504466.5,,
67c1d6d98c8787be36609212,halves_copy_ranks,synthetic,504466.7999999523,,
67c1d6d98c8787be36609212,halves_copy_ranks,synthetic,504467.2999999523,,
67c1d6d98c8787be36609212,halves_copy_ranks,synthetic,504467.60000002384,,
67c1d6d98c8787be36609212,halves_copy_ranks,synthetic,504468,,
67c1d6d98c8787be36609212,halves_copy_ranks,synthetic,504468.2999999523,,
67c1d6d98c8787be36609212,halves_copy_ranks,synthetic,504468.60000002384,,
67c1d6d98c8787be36609212,halves_copy_ranks,synthetic,504469,,
67c1d6d98c8787be36609212,halves_copy_ranks,synthetic,504469.2999999523,,
67c1d6d98c8787be36609212,halves_copy_ranks,synthetic,504469.7000000477,,
67c1d6d98c8787be36609212,halves_copy_ranks,synthetic,504470,,
67c1d6d98c8787be36609212,halves_copy_ranks,synthetic,504470.2000000477,,
67c1d6d98c8787be36609212,halves_copy_ranks,synthetic,504470.5,,
67c1d6d98c8787be36609212,halves_copy_ranks,synthetic,504470.7999999523,,
67c1d6d98c8787be36609212,halves_copy_ranks,synthetic,504471.10000002384,,
67c1d6d98c8787be36609212,halves_copy_ranks,synthetic,504471.39999997616,,
67c1d6d98c8787be36609212,pos135_same_rank,synthetic,515750.10000002384,,
67c1d6d98c8787be36609212,pos135_same_rank,synthetic,515750.7999999523,,
67c1d6d98c8787be36609212,pos135_same_rank,synthetic,515751.60000002384,,
67c1d6d98c8787be36609212,pos135_same_rank,synthetic,515752.2000000477,,
67c1d6d98c8787be36609212,pos135_same_rank,synthetic,515752.60000002384,,
67c1d6d98c8787be36609212,pos135_same_rank,synthetic,515752.89999997616,,
67c1d6d98c8787be36609212,pos135_same_rank,synthetic,515753.2999999523,,
67c1d6d98c8787be36609212,pos135_same_rank,synthetic,515753.60000002384,,
67c1d6d98c8787be36609212,pos135_same_rank,synthetic,515753.89999997616,,
67c1d6d98c8787be36609212,pos135_same_rank,synthetic,515754.2000000477,,
67c1d6d98c8787be36609212,pos135_same_rank,synthetic,515754.7000000477,,
67c1d6d98c8787be36609212,pos135_same_rank,synthetic,515755.10000002384,,
67c1d6d98c8787be36609212,pos135_same_rank,synthetic,515755.39999997616,,
67c1d6d98c8787be36609212,pos135_same_rank,synthetic,515755.7999999523,,
67c1d6d98c8787be36609212,pos135_same_rank,synthetic,515756.10000002384,,
67c1d6d98c8787be36609212,pos135_same_rank,synthetic,515756.5,,
67c1d6d98c8787be36609212,pos135_same_rank,synthetic,515756.7999999523,,
67c1d6d98c8787be36609212,pos135_same_rank,synthetic,515757.60000002384,,
67c1d6d98c8787be36609212,pos135_same_rank,synthetic,515757.89999997616,,
67c1d6d98c8787be36609212,pos135_same_rank,synthetic,515758.2999999523,,
67c1d6d98c8787be36609212,pos135_same_rank,synthetic,515759,,
67c1d6d98c8787be36609212,pos135_same_rank,synthetic,515759.60000002384,,
67c1d6d98c8787be36609212,pos135_same_rank,synthetic,515760,,
67c1d6d98c8787be36609212,pos135_same_rank,synthetic,515760.2999999523,,
67c1d6d98c8787be36609212,pos135_same_rank,synthetic,515760.7000000477,,
67c1d6d98c8787be36609212,pos135_same_rank,synthetic,515761,,
67c1d6d98c8787be36609212,pos135_same_rank,synthetic,515761.2999999523,,
67c1d6d98c8787be36609212,pos135_same_rank,synthetic,515761.60000002384,,
67c1d6d98c8787be36609212,pos135_same_rank,synthetic,515761.89999997616,,
67c1d6d98c8787be36609212,pos135_same_rank,synthetic,515762.2000000477,,
67c1d6d98c8787be36609212,pos135_same_rank,synthetic,515762.5,,
67c1d6d98c8787be36609212,pos135_same_rank,synthetic,515762.7999999523,,
67c1d6d98c8787be36609212,pos135_same_rank,synthetic,515763.10000002384,,
67c1d6d98c8787be36609212,pos135_same_rank,synthetic,515763.39999997616,,
67c1d6d98c8787be36609212,pos135_same_rank,synthetic,515763.7999999523,,
67c1d6d98c8787be36609212,pos135_same_rank,synthetic,515764.10000002384,,
67c1d6d98c8787be36609212,pos135_same_rank,synthetic,515764.5,,
67c1d6d98c8787be36609212,pos135_same_rank,synthetic,515764.7999999523,,
67c1d6d98c8787be36609212,pos135_same_rank,synthetic,515765.10000002384,,
67c1d6d98c8787be36609212,both_halves_uniform_color,synthetic,548109.6000000238,,
67c1d6d98c8787be36609212,both_halves_uniform_color,synthetic,548110.3999999762,,
67c1d6d98c8787be36609212,both_halves_uniform_color,synthetic,548111,,
67c1d6d98c8787be36609212,both_halves_uniform_color,synthetic,548111.5,,
67c1d6d98c8787be36609212,both_halves_uniform_color,synthetic,548111.7000000477,,
67c1d6d98c8787be36609212,both_halves_uniform_color,synthetic,548112.1000000238,,
67c1d6d98c8787be36609212,both_halves_uniform_color,synthetic,548112.3999999762,,
67c1d6d98c8787be36609212,both_halves_uniform_color,synthetic,548112.7000000477,,
67c1d6d98c8787be36609212,both_halves_uniform_color,synthetic,548113,,
67c1d6d98c8787be36609212,both_halves_uniform_color,synthetic,548113.2999999523,,
67c1d6d98c8787be36609212,both_halves_uniform_color,synthetic,548113.6000000238,,
67c1d6d98c8787be36609212,both_halves_uniform_color,synthetic,548113.7999999523,,
67c1d6d98c8787be36609212,both_halves_uniform_color,synthetic,548114.2999999523,,
67c1d6d98c8787be36609212,blacks_then_reds_start_black,synthetic,577247,,
67c1d6d98c8787be36609212,blacks_then_reds_start_black,synthetic,577247.8999999762,,
67c1d6d98c8787be36609212,blacks_then_reds_start_black,synthetic,577248.5,,
67c1d6d98c8787be36609212,blacks_then_reds_start_black,synthetic,577249.2000000477,,
67c1d6d98c8787be36609212,blacks_then_reds_start_black,synthetic,577249.8999999762,,
67c1d6d98c8787be36609212,blacks_then_reds_start_black,synthetic,577250.5,,
67c1d6d98c8787be36609212,blacks_then_reds_start_black,synthetic,577250.7999999523,,
67c1d6d98c8787be36609212,blacks_then_reds_start_black,synthetic,577251.2000000477,,
67c1d6d98c8787be36609212,blacks_then_reds_start_black,synthetic,577251.6000000238,,
67c1d6d98c8787be36609212,blacks_then_reds_start_black,synthetic,577251.7999999523,,
67c1d6d98c8787be36609212,blacks_then_reds_start_black,synthetic,577252.2000000477,,
67c1d6d98c8787be36609212,blacks_then_reds_start_black,synthetic,577252.5,,
67c1d6d98c8787be36609212,blacks_then_reds_start_black,synthetic,577252.7999999523,,
67c1d6d98c8787be36609212,blacks_then_reds_start_black,synthetic,577253.1000000238,,
67c1d6d98c8787be36609212,blacks_then_reds_start_black,synthetic,577253.6000000238,,
67c1d6d98c8787be36609212,blacks_then_reds_start_black,synthetic,577254.2999999523,,
67c1d6d98c8787be36609212,blacks_then_reds_start_black,synthetic,577254.8999999762,,
67c1d6d98c8787be36609212,blacks_then_reds_start_black,synthetic,577255.5,,
67c1d6d98c8787be36609212,blacks_then_reds_start_black,synthetic,577256.2000000477,,
67c1d6d98c8787be36609212,blacks_then_reds_start_black,synthetic,577256.8999999762,,
67c1d6d98c8787be36609212,blacks_then_reds_start_black,synthetic,577257.2999999523,,
67c1d6d98c8787be36609212,blacks_then_reds_start_black,synthetic,577257.7000000477,,
67c1d6d98c8787be36609212,blacks_then_reds_start_black,synthetic,577257.8999999762,,
67c1d6d98c8787be36609212,blacks_then_reds_start_black,synthetic,577258.3999999762,,
67c1d6d98c8787be36609212,blacks_then_reds_start_black,synthetic,577258.7999999523,,
67c1d6d98c8787be36609212,blacks_then_reds_start_black,synthetic,577259.2999999523,,
67c1d6d98c8787be36609212,blacks_then_reds_start_black,synthetic,577259.7000000477,,
67c1d6d98c8787be36609212,blacks_then_reds_start_black,synthetic,577260,,
67c1d6d98c8787be36609212,blacks_then_reds_start_black,synthetic,577260.2999999523,,
67c1d6d98c8787be36609212,blacks_then_reds_start_black,synthetic,577260.6000000238,,
67c1d6d98c8787be36609212,blacks_then_reds_start_black,synthetic,577260.8999999762,,
67c1d6d98c8787be36609212,blacks_then_reds_start_black,synthetic,577261.2000000477,,
67c1d6d98c8787be36609212,blacks_then_reds_start_black,synthetic,577261.5,,
67c1d6d98c8787be36609212,blacks_then_reds_start_black,synthetic,577261.7999999523,,
67c1d6d98c8787be36609212,blacks_then_reds_start_black,synthetic,577262,,
67c1d6d98c8787be36609212,blacks_then_reds_start_black,synthetic,577262.3999999762,,
67c1d6d98c8787be36609212,blacks_then_reds_start_black,synthetic,577262.7000000477,,
67c1d6d98c8787be36609212,blacks_then_reds_start_black,synthetic,577263,,
67c1d6d98c8787be36609212,blacks_then_reds_start_black,synthetic,577263.3999999762,,
67c1d6d98c8787be36609212,blacks_then_reds_start_black,synthetic,577263.6000000238,,
67c1d6d98c8787be36609212,blacks_then_reds_start_black,synthetic,577263.8999999762,,
67c1d6d98c8787be36609212,blacks_then_reds_start_black,synthetic,577264.2999999523,,
67c1d6d98c8787be36609212,blacks_then_reds_start_black,synthetic,577264.7999999523,,
67c1d6d98c8787be36609212,blacks_then_reds_start_black,synthetic,577265.2000000477,,
67c1d6d98c8787be36609212,blacks_then_reds_start_black,synthetic,577265.6000000238,,
67c1d6d98c8787be36609212,blacks_then_reds_start_black,synthetic,577265.8999999762,,
67c1d6d98c8787be36609212,skip2_same_rank_or_suit,synthetic,607608.2999999523,,
67c1d6d98c8787be36609212,skip2_same_rank_or_suit,synthetic,607609,,
67c1d6d98c8787be36609212,skip2_same_rank_or_suit,synthetic,607609.5,,
67c1d6d98c8787be36609212,skip2_same_rank_or_suit,synthetic,607610.1000000238,,
67c1d6d98c8787be36609212,skip2_same_rank_or_suit,synthetic,607610.6000000238,,
67c1d6d98c8787be36609212,skip2_same_rank_or_suit,synthetic,607611,,
67c1d6d98c8787be36609212,skip2_same_rank_or_suit,synthetic,607611.2999999523,,
67c1d6d98c8787be36609212,skip2_same_rank_or_suit,synthetic,607611.7000000477,,
67c1d6d98c8787be36609212,skip2_same_rank_or_suit,synthetic,607612,,
67c1d6d98c8787be36609212,skip2_same_rank_or_suit,synthetic,607612.2999999523,,
67c1d6d98c8787be36609212,skip2_same_rank_or_suit,synthetic,607612.6000000238,,
67c1d6d98c8787be36609212,skip2_same_rank_or_suit,synthetic,607613,,
67c1d6d98c8787be36609212,skip2_same_rank_or_suit,synthetic,607613.2999999523,,
67c1d6d98c8787be36609212,skip2_same_rank_or_suit,synthetic,607613.6000000238,,
67c1d6d98c8787be36609212,skip2_same_rank_or_suit,synthetic,607614,,
67c1d6d98c8787be36609212,skip2_same_rank_or_suit,synthetic,607614.3999999762,,
67c1d6d98c8787be36609212,skip2_same_rank_or_suit,synthetic,607615,,
67c1d6d98c8787be36609212,skip2_same_rank_or_suit,synthetic,607615.5,,
67c1d6d98c8787be36609212,skip2_same_rank_or_suit,synthetic,607616.2000000477,,
67c1d6d98c8787be36609212,skip2_same_rank_or_suit,synthetic,607616.7000000477,,
67c1d6d98c8787be36609212,skip2_same_rank_or_suit,synthetic,607617.2000000477,,
67c1d6d98c8787be36609212,skip2_same_rank_or_suit,synthetic,607617.7999999523,,
67c1d6d98c8787be36609212,skip2_same_rank_or_suit,synthetic,607618.3999999762,,
67c1d6d98c8787be36609212,skip2_same_rank_or_suit,synthetic,607619.3999999762,,
67c1d6d98c8787be36609212,skip2_same_rank_or_suit,synthetic,607620.1000000238,,
67c1d6d98c8787be36609212,skip2_same_rank_or_suit,synthetic,607620.8999999762,,
67c1d6d98c8787be36609212,skip2_same_rank_or_suit,synthetic,607621.3999999762,,
67c1d6d98c8787be36609212,skip2_same_rank_or_suit,synthetic,607621.7999999523,,
67c1d6d98c8787be36609212,skip2_same_rank_or_suit,synthetic,607622.2000000477,,
67c1d6d98c8787be36609212,skip2_same_rank_or_suit,synthetic,607622.6000000238,,
67c1d6d98c8787be36609212,skip2_same_rank_or_suit,synthetic,607622.7999999523,,
67c1d6d98c8787be36609212,skip2_same_rank_or_suit,synthetic,607623.1000000238,,
67c1d6d98c8787be36609212,skip2_same_rank_or_suit,synthetic,607623.5,,
67c1d6d98c8787be36609212,skip2_same_rank_or_suit,synthetic,607623.7999999523,,
67c1d6d98c8787be36609212,four_any_suit_adjacent,synthetic,616764.8999999762,,
67c1d6d98c8787be36609212,four_any_suit_adjacent,synthetic,616765.7000000477,,
67c1d6d98c8787be36609212,four_any_suit_adjacent,synthetic,616766.1000000238,,
67c1d6d98c8787be36609212,four_any_suit_adjacent,synthetic,616766.7999999523,,
67c1d6d98c8787be36609212,four_any_suit_adjacent,synthetic,616767.2000000477,,
67c1d6d98c8787be36609212,four_any_suit_adjacent,synthetic,616767.6000000238,,
67c1d6d98c8787be36609212,four_any_suit_adjacent,synthetic,616767.8999999762,,
67c1d6d98c8787be36609212,four_any_suit_adjacent,synthetic,616768.6000000238,,
67c1d6d98c8787be36609212,four_any_suit_adjacent,synthetic,616769.2999999523,,
67c1d6d98c8787be36609212,four_any_suit_adjacent,synthetic,616770,,
67c1d6d98c8787be36609212,four_any_suit_adjacent,synthetic,616770.7000000477,,
67c1d6d98c8787be36609212,four_any_suit_adjacent,synthetic,616771.5,,
67c1d6d98c8787be36609212,four_any_suit_adjacent,synthetic,616772,,
67c1d6d98c8787be36609212,four_any_suit_adjacent,synthetic,616772.5,,
67c1d6d98c8787be36609212,four_any_suit_adjacent,synthetic,616772.8999999762,,
67c1d6d98c8787be36609212,four_any_suit_adjacent,synthetic,616773.2000000477,,
67c1d6d98c8787be36609212,four_any_suit_adjacent,synthetic,616773.5,,
67c1d6d98c8787be36609212,four_any_suit_adjacent,synthetic,616773.7999999523,,
67c1d6d98c8787be36609212,four_any_suit_adjacent,synthetic,616774.1000000238,,
67c1d6d98c8787be36609212,four_any_suit_adjacent,synthetic,616774.5,,
67c1d6d98c8787be36609212,four_any_suit_adjacent,synthetic,616774.8999999762,,
67c1d6d98c8787be36609212,four_any_suit_adjacent,synthetic,616775.3999999762,,
67c1d6d98c8787be36609212,four_any_suit_adjacent,synthetic,616775.7999999523,,
67c1d6d98c8787be36609212,four_any_suit_adjacent,synthetic,616776.1000000238,,
67c1d6d98c8787be36609212,four_any_suit_adjacent,synthetic,616776.2999999523,,
67c1d6d98c8787be36609212,four_any_suit_adjacent,synthetic,616776.7000000477,,
67c1d6d98c8787be36609212,four_any_suit_adjacent,synthetic,616777.1000000238,,
67c1d6d98c8787be36609212,four_any_suit_adjacent,synthetic,616777.3999999762,,
67c1d6d98c8787be36609212,four_any_suit_adjacent,synthetic,616777.7000000477,,
67c1d6d98c8787be36609212,four_any_suit_adjacent,synthetic,616778,,
67c1d6d98c8787be36609212,four_any_suit_adjacent,synthetic,616778.3999999762,,
67c1d6d98c8787be36609212,four_any_suit_adjacent,synthetic,616778.7000000477,,
67c1d6d98c8787be36609212,four_any_suit_adjacent,synthetic,616779.1000000238,,
67c1d6d98c8787be36609212,four_any_suit_adjacent,synthetic,616779.3999999762,,
67c1d6d98c8787be36609212,four_any_suit_adjacent,synthetic,616779.7999999523,,
67c1d6d98c8787be36609212,four_any_suit_adjacent,synthetic,616780.1000000238,,
67c1d6d98c8787be36609212,four_any_suit_adjacent,synthetic,616780.3999999762,,
67c1d6d98c8787be36609212,four_any_suit_adjacent,synthetic,616780.7000000477,,
67c1d6d98c8787be36609212,four_any_suit_adjacent,synthetic,616781,,
67c1d6d98c8787be36609212,four_any_suit_adjacent,synthetic,616781.2999999523,,
67c1d6d98c8787be36609212,four_any_suit_adjacent,synthetic,616781.6000000238,,
67c1d6d98c8787be36609212,ap_len3_step1_anywhere,synthetic,646019.7999999523,,
67c1d6d98c8787be36609212,ap_len3_step1_anywhere,synthetic,646020.3999999762,,
67c1d6d98c8787be36609212,ap_len3_step1_anywhere,synthetic,646020.8999999762,,
67c1d6d98c8787be36609212,ap_len3_step1_anywhere,synthetic,646021.2999999523,,
67c1d6d98c8787be36609212,ap_len3_step1_anywhere,synthetic,646021.7000000477,,
67c1d6d98c8787be36609212,ap_len3_step1_anywhere,synthetic,646021.8999999762,,
67c1d6d98c8787be36609212,ap_len3_step1_anywhere,synthetic,646022.2999999523,,
67c1d6d98c8787be36609212,ap_len3_step1_anywhere,synthetic,646022.6000000238,,
67c1d6d98c8787be36609212,ap_len3_step1_anywhere,synthetic,646022.8999999762,,
67c1d6d98c8787be36609212,ap_len3_step1_anywhere,synthetic,646023.2000000477,,
67c1d6d98c8787be36609212,ap_len3_step1_anywhere,synthetic,646023.5,,
67c1d6d98c8787be36609212,ap_len3_step1_anywhere,synthetic,646023.7000000477,,
67c1d6d98c8787be36609212,ap_len3_step1_anywhere,synthetic,646024,,
67c1d6d98c8787be36609212,ap_len3_step1_anywhere,synthetic,646024.3999999762,,
67c1d6d98c8787be36609212,ap_len3_step1_anywhere,synthetic,646024.8999999762,,
67c1d6d98c8787be36609212,ap_len3_step1_anywhere,synthetic,646025.2000000477,,
67c1d6d98c8787be36609212,ap_len3_step1_anywhere,synthetic,646025.7000000477,,
67c1d6d98c8787be36609212,ap_len3_step1_anywhere,synthetic,646026.1000000238,,
67c1d6d98c8787be36609212,ap_len3_step1_anywhere,synthetic,646026.3999999762,,
67c1d6d98c8787be36609212,ap_len3_step1_anywhere,synthetic,646026.8999999762,,
67c1d6d98c8787be36609212,ap_len3_step1_anywhere,synthetic,646027.2000000477,,
67c1d6d98c8787be36609212,ap_len3_step1_anywhere,synthetic,646027.5,,
67c1d6d98c8787be36609212,ap_len3_step1_anywhere,synthetic,646027.7999999523,,
67c1d6d98c8787be36609212,ap_len3_step1_anywhere,synthetic,646028.2999999523,,
67c1d6d98c8787be36609212,ap_len3_step1_anywhere,synthetic,646028.6000000238,,
67c1d6d98c8787be36609212,ap_len3_step1_anywhere,synthetic,646028.8999999762,,
67c1d6d98c8787be36609212,ap_len3_step1_anywhere,synthetic,646029.2999999523,,
67c1d6d98c8787be36609212,ap_len3_step1_anywhere,synthetic,646029.6000000238,,
67c1d6d98c8787be36609212,ap_len3_step1_anywhere,synthetic,646030,,
67c1d6d98c8787be36609212,ap_len3_step1_anywhere,synthetic,646030.3999999762,,
67c1d6d98c8787be36609212,ap_len3_step1_anywhere,synthetic,646030.7000000477,,
67c1d6d98c8787be36609212,ap_len3_step1_anywhere,synthetic,646031.2999999523,,
67c1d6d98c8787be36609212,ap_len3_step1_anywhere,synthetic,646031.7999999523,,
67c1d6d98c8787be36609212,ap_len3_step1_anywhere,synthetic,646032.2000000477,,
67c1d6d98c8787be36609212,ap_len3_step1_anywhere,synthetic,646032.5,,
67c1d6d98c8787be36609212,ap_len3_step1_anywhere,synthetic,647602.3999999762,,
67c1d6d98c8787be36609212,ap_len3_step1_anywhere,synthetic,647603.3999999762,,
67c1d6d98c8787be36609212,ap_len3_step1_anywhere,synthetic,647604.2000000477,,
67c1d6d98c8787be36609212,ap_len3_step1_anywhere,synthetic,647604.7000000477,,
67c1d6d98c8787be36609212,ap_len3_step1_anywhere,synthetic,647605.2999999523,,
695ed617f5fe15c661e8e5f8,all_but_one_same_color,tabAway,2081599.6000000238,10789,windowBlur
695ed617f5fe15c661e8e5f8,all_but_one_same_color,tabAway,2096980.5,54,windowBlur
695ed617f5fe15c661e8e5f8,all_but_one_same_color,tabAway,2097092.199999988,4465,windowBlur
695ed617f5fe15c661e8e5f8,all_but_one_same_color,tabAway,2110598.300000012,4057,windowBlur
695ed617f5fe15c661e8e5f8,all_but_one_same_color,tabAway,2115085.800000012,12810,windowBlur
695ed617f5fe15c661e8e5f8,all_but_one_same_color,tabAway,2127924.100000024,16,windowBlur
695ed617f5fe15c661e8e5f8,all_but_one_same_color,tabAway,2128006.300000012,11207,windowBlur
695ed617f5fe15c661e8e5f8,all_but_one_same_color,tabAway,2143035,288540,windowBlur
69695461bdac36c31832f4a5,triple_2s_pos234,synthetic,418455.10000002384,,
69695461bdac36c31832f4a5,three_any_suit_adjacent,synthetic,622975.8999999762,,
69695461bdac36c31832f4a5,three_or_more_same_suit,synthetic,699344.3999999762,,
69695461bdac36c31832f4a5,triple_any_adjacent,synthetic,1283666.1000000238,,
696a7d8e7ecb7691c3c716e0,halves_copy_ranks,tabAway,1417587,88,windowBlur
696a7d8e7ecb7691c3c716e0,halves_copy_ranks,tabAway,1419274,3336,windowBlur
696a7d8e7ecb7691c3c716e0,halves_copy_ranks,tabAway,1450173,4262,windowBlur
696a7d8e7ecb7691c3c716e0,halves_copy_ranks,tabAway,1466549,27277,windowBlur
696a9773a84c5f9d4a930874,left_red_right_black,paste,431009.5,,The first three cards are red and the last three cards are black.
696a9773a84c5f9d4a930874,left_red_right_black,tabAway,373187.5,1961,windowBlur
696a9773a84c5f9d4a930874,left_red_right_black,tabAway,378672.6000000015,3807,windowBlur
696a9773a84c5f9d4a930874,left_red_right_black,tabAway,383629.69999999553,25913,windowBlur
696a9773a84c5f9d4a930874,left_red_right_black,tabAway,411404.3999999985,19059,windowBlur
696a9773a84c5f9d4a930874,four_kind_adjacent_any,paste,513851,,Each hand contains four cards of the same rank.
696a9773a84c5f9d4a930874,four_kind_adjacent_any,tabAway,433093.19999999553,11019,windowBlur
696a9773a84c5f9d4a930874,four_kind_adjacent_any,tabAway,446406.299999997,3374,windowBlur
696a9773a84c5f9d4a930874,four_kind_adjacent_any,tabAway,452335.799999997,2978,windowBlur
696a9773a84c5f9d4a930874,four_kind_adjacent_any,tabAway,456245.799999997,20840,windowBlur
696a9773a84c5f9d4a930874,four_kind_adjacent_any,tabAway,485208,3331,windowBlur
696a9773a84c5f9d4a930874,four_kind_adjacent_any,tabAway,490238,22965,windowBlur
696a9773a84c5f9d4a930874,pos135_same_rank,paste,559656.1999999955,,Each hand has exactly 3 red cards and 3 black cards.
696a9773a84c5f9d4a930874,pos135_same_rank,tabAway,517605.8999999985,3288,windowBlur
696a9773a84c5f9d4a930874,pos135_same_rank,tabAway,523165.3999999985,35755,windowBlur
696a9773a84c5f9d4a930874,all_clubs_or_hearts,paste,588666.1999999955,,Each hand contains exactly one pair.
696a9773a84c5f9d4a930874,all_clubs_or_hearts,tabAway,562904.6000000015,2724,windowBlur
696a9773a84c5f9d4a930874,all_clubs_or_hearts,tabAway,567298.799999997,20498,windowBlur
696a9773a84c5f9d4a930874,halves_copy_ranks,paste,646637.1999999955,,Each hand contains three pairs (three sets of matching ranks).
696a9773a84c5f9d4a930874,halves_copy_ranks,tabAway,594776.3999999985,3180,windowBlur
696a9773a84c5f9d4a930874,halves_copy_ranks,tabAway,598835.5,47352,windowBlur
696a9773a84c5f9d4a930874,four_any_suit_adjacent,paste,690807,,Each hand has at least four cards of the same suit.
696a9773a84c5f9d4a930874,four_any_suit_adjacent,tabAway,653794.299999997,3356,windowBlur
696a9773a84c5f9d4a930874,four_any_suit_adjacent,tabAway,660024.299999997,29638,windowBlur
696a9773a84c5f9d4a930874,blacks_then_reds_start_black,paste,724985.5,,Each hand has at least four cards of the same color.
696a9773a84c5f9d4a930874,blacks_then_reds_start_black,tabAway,694965.3999999985,2326,windowBlur
696a9773a84c5f9d4a930874,blacks_then_reds_start_black,tabAway,697851.6000000015,26318,windowBlur
696a9773a84c5f9d4a930874,all_same_suit,paste,752720.799999997,,All cards in each hand are of the same suit.
696a9773a84c5f9d4a930874,all_same_suit,tabAway,729633.799999997,2860,windowBlur
696a9773a84c5f9d4a930874,all_same_suit,tabAway,734513,16502,windowBlur
696a9773a84c5f9d4a930874,suit_chain_dsh,paste,805086.5,,Each hand has at least three cards of the same suit.
696a9773a84c5f9d4a930874,suit_chain_dsh,tabAway,756914.799999997,4425,windowBlur
696a9773a84c5f9d4a930874,suit_chain_dsh,tabAway,763819.5,31037,windowBlur
696a9773a84c5f9d4a930874,suit_chain_dsh,tabAway,796799.299999997,6879,windowBlur
696a9773a84c5f9d4a930874,skip2_same_rank_or_suit,paste,905678.3999999985,,Each hand contains a different number of red cards.
696a9773a84c5f9d4a930874,skip2_same_rank_or_suit,tabAway,808655.5,3809,windowBlur
696a9773a84c5f9d4a930874,skip2_same_rank_or_suit,tabAway,813173.6000000015,28676,windowBlur
696a9773a84c5f9d4a930874,skip2_same_rank_or_suit,tabAway,843075,29326,windowBlur
696a9773a84c5f9d4a930874,skip2_same_rank_or_suit,tabAway,875009.299999997,29422,windowBlur
696a9773a84c5f9d4a930874,both_halves_have_pair_rank,paste,936857.6000000015,,Each hand contains exactly two pairs.
696a9773a84c5f9d4a930874,both_halves_have_pair_rank,tabAway,909374.1999999955,3336,windowBlur
696a9773a84c5f9d4a930874,both_halves_have_pair_rank,tabAway,913540.3999999985,22618,windowBlur
696a9773a84c5f9d4a930874,both_halves_have_pair_rank,tabAway,937741.799999997,1904,windowBlur
696a9773a84c5f9d4a930874,ap_len3_step1_anywhere,paste,992557.299999997,,Each hand contains more red cards than black cards.
696a9773a84c5f9d4a930874,ap_len3_step1_anywhere,tabAway,942223,2700,windowBlur
696a9773a84c5f9d4a930874,ap_len3_step1_anywhere,tabAway,945556.1000000015,30843,windowBlur
696a9773a84c5f9d4a930874,ap_len3_step1_anywhere,tabAway,978811.5,12993,windowBlur
696a9773a84c5f9d4a930874,straight5,paste,1083435.799999997,,Each hand contains at least one red card and one black card.
696a9773a84c5f9d4a930874,straight5,tabAway,996629.799999997,2509,windowBlur
696a9773a84c5f9d4a930874,straight5,tabAway,999824.8999999985,22792,windowBlur
696a9773a84c5f9d4a930874,straight5,tabAway,1025171.1000000015,57498,windowBlur
696a9773a84c5f9d4a930874,both_halves_uniform_color,paste,1171792.8999999985,,The cards in each hand are grouped by color (all black cards together and all red cards together).
696a9773a84c5f9d4a930874,both_halves_uniform_color,tabAway,1087738.6000000015,2509,windowBlur
696a9773a84c5f9d4a930874,both_halves_uniform_color,tabAway,1090644.1999999955,46565,windowBlur
696a9773a84c5f9d4a930874,both_halves_uniform_color,tabAway,1143620.299999997,27374,windowBlur
696a9773a84c5f9d4a930874,immediate_bracket_closure,paste,1221473.5,,Each hand contains mostly red cards.
696a9773a84c5f9d4a930874,immediate_bracket_closure,tabAway,1176257.6000000015,3695,windowBlur
696a9773a84c5f9d4a930874,immediate_bracket_closure,tabAway,1181714.6999999955,39267,windowBlur
6978bda2039ef7c2454998b0,triple_3s_adjacent,tabAway,334413,22975,windowBlur
6978bda2039ef7c2454998b0,triple_3s_adjacent,tabAway,370643,2068,windowBlur
6978bda2039ef7c2454998b0,pair_jacks_pos45,tabAway,402363,4113,windowBlur
6978bda2039ef7c2454998b0,all_same_color,tabAway,526100,63089,windowBlur
6978bda2039ef7c2454998b0,all_odd,tabAway,605187,63700,windowBlur
6978bda2039ef7c2454998b0,all_odd,tabAway,678780,6390,windowBlur
6978bda2039ef7c2454998b0,ap_step2_len4_adj_ordered,tabAway,720166,66377,windowBlur
6978bda2039ef7c2454998b0,triple_any_pos345,tabAway,806067,39765,windowBlur
6978bda2039ef7c2454998b0,ap_step2_len4_adj,tabAway,935514,2417,windowBlur
6978bda2039ef7c2454998b0,ap_step1_len3_adj,tabAway,946829.0000000001,15463,windowBlur
6978bda2039ef7c2454998b0,ap_step1_len3_adj,tabAway,963905,89962,windowBlur
6978bda2039ef7c2454998b0,ap_step1_len3_adj,tabAway,1084420,3112,windowBlur
6978bda2039ef7c2454998b0,straight5_same_color,tabAway,1122686,57826,windowBlur
697cfc324ea85aa42cfe2d1e,three_clubs_adjacent,tabAway,320238.60000014305,1099,windowBlur
697ed59824964096e537d7d3,four_kind_adjacent_any,copy,261360.5,,
697ed59824964096e537d7d3,four_kind_adjacent_any,tabAway,262041.10000002384,2212,windowBlur
697ed59824964096e537d7d3,four_kind_adjacent_any,tabAway,298891.3000000715,3500,windowBlur
697ed59824964096e537d7d3,all_clubs_or_hearts,copy,308330.10000002384,,
697ed59824964096e537d7d3,all_clubs_or_hearts,tabAway,308769.2000000477,1931,windowBlur
697ed59824964096e537d7d3,four_any_suit_adjacent,copy,340594.89999997616,,
697ed59824964096e537d7d3,four_any_suit_adjacent,tabAway,342013,2693,windowBlur
697ed59824964096e537d7d3,four_any_suit_adjacent,tabAway,379240.8000000715,8639,windowBlur
697ed59824964096e537d7d3,halves_copy_ranks,copy,397024,,
697ed59824964096e537d7d3,halves_copy_ranks,tabAway,398497.7000000477,5189,windowBlur
697ed59824964096e537d7d3,blacks_then_reds_start_black,copy,435811.8000000715,,
697ed59824964096e537d7d3,blacks_then_reds_start_black,tabAway,437108.10000002384,3157,windowBlur
697ed59824964096e537d7d3,blacks_then_reds_start_black,tabAway,473528.3000000715,32368,windowBlur
697ed59824964096e537d7d3,blacks_then_reds_start_black,tabAway,537743.5,8983,windowBlur
697ed59824964096e537d7d3,blacks_then_reds_start_black,tabAway,553864.8999999762,2811,windowBlur
697ed59824964096e537d7d3,blacks_then_reds_start_black,tabAway,565988.6000000238,23493,windowBlur
697ed59824964096e537d7d3,both_halves_have_pair_rank,copy,607699.3999999762,,
697ed59824964096e537d7d3,both_halves_have_pair_rank,tabAway,609038.3999999762,2357,windowBlur
697ed59824964096e537d7d3,ap_len3_step1_anywhere,copy,645257.8000000715,,
697ed59824964096e537d7d3,ap_len3_step1_anywhere,tabAway,645807.5,3336,windowBlur
697ed59824964096e537d7d3,skip2_same_rank_or_suit,copy,662055.8000000715,,
697ed59824964096e537d7d3,skip2_same_rank_or_suit,tabAway,662123.8999999762,2053,windowBlur
697ed59824964096e537d7d3,skip2_same_rank_or_suit,tabAway,669360.8000000715,4992,windowBlur
697ed59824964096e537d7d3,all_same_suit,copy,719756.7000000477,,
697ed59824964096e537d7d3,all_same_suit,tabAway,721111.7000000477,12414,windowBlur
697ed59824964096e537d7d3,all_same_suit,tabAway,739359.3999999762,20332,windowBlur
697ed59824964096e537d7d3,suit_chain_dsh,copy,775648.1000000238,,
697ed59824964096e537d7d3,suit_chain_dsh,tabAway,776041.8000000715,1932,windowBlur
697ed59824964096e537d7d3,suit_chain_dsh,tabAway,784008,18367,windowBlur
697ed59824964096e537d7d3,suit_chain_dsh,tabAway,809745.6000000238,9823,windowBlur
697ed59824964096e537d7d3,suit_chain_dsh,tabAway,835408.2000000477,10018,windowBlur
697ed59824964096e537d7d3,straight5,copy,858294.7000000477,,
697ed59824964096e537d7d3,straight5,copy,859606,,
697ed59824964096e537d7d3,straight5,copy,895068.7000000477,,
697ed59824964096e537d7d3,straight5,tabAway,850376.8999999762,1138,windowBlur
697ed59824964096e537d7d3,straight5,tabAway,859757.2000000477,1953,windowBlur
697ed59824964096e537d7d3,straight5,tabAway,895140.3999999762,12119,windowBlur
697ed59824964096e537d7d3,pos135_same_rank,copy,932471.1000000238,,
697ed59824964096e537d7d3,pos135_same_rank,tabAway,933856.1000000238,2819,windowBlur
697ed59824964096e537d7d3,pos135_same_rank,tabAway,991991.7000000477,20236,windowBlur
697ed59824964096e537d7d3,left_red_right_black,copy,1022664.3999999762,,
697ed59824964096e537d7d3,left_red_right_black,tabAway,1024113.7000000477,6795,windowBlur
697ed59824964096e537d7d3,left_red_right_black,tabAway,1042590.7000000477,45173,windowBlur
697ed59824964096e537d7d3,immediate_bracket_closure,tabAway,1110776.7000000477,2081,windowBlur
697ed59824964096e537d7d3,both_halves_uniform_color,copy,1147460.1000000238,,
697ed59824964096e537d7d3,both_halves_uniform_color,tabAway,1148322.2000000477,2819,windowBlur
698639d278e0d8c2d7d4d26e,ap_step1_len3_adj,synthetic,916605.7000000477,,
698639d278e0d8c2d7d4d26e,suit_brackets_nested,synthetic,1370243.8999999762,,
698639d278e0d8c2d7d4d26e,halves_copy_suits,synthetic,1603954.3000000715,,
698639d278e0d8c2d7d4d26e,colors_palindrome,synthetic,2274265.2000000477,,
698639d278e0d8c2d7d4d26e,all_same_color,synthetic,2387584,,
6990045689cf6bafc0d83c99,both_halves_have_pair_rank,copy,1221942.800000012,,
6990045689cf6bafc0d83c99,all_clubs_or_hearts,tabAway,2367555.5,3607,windowBlur
6990045689cf6bafc0d83c99,immediate_bracket_closure,tabAway,3388516,2399,windowBlur
6991551b7b0c4970e11f07db,all_4s_or_queens,tabAway,1004275.6000000238,3689,windowBlur
6991551b7b0c4970e11f07db,all_4s_or_queens,tabAway,1009122.6000000238,6753,windowBlur
6991551b7b0c4970e11f07db,all_4s_or_queens,tabAway,1016626.6000000238,1504,windowBlur
6991551b7b0c4970e11f07db,all_4s_or_queens,tabAway,1019278.7000000477,2763,windowBlur
6991551b7b0c4970e11f07db,all_4s_or_queens,tabAway,1022422,5194,windowBlur
6991551b7b0c4970e11f07db,all_4s_or_queens,tabAway,1027617.8999999762,41776,windowBlur
6991551b7b0c4970e11f07db,every_other_ace,tabAway,1094299,1746,windowBlur
6991551b7b0c4970e11f07db,every_other_ace,tabAway,1096417.1000000238,4762,windowBlur
6991551b7b0c4970e11f07db,every_other_ace,tabAway,1101181.8000000715,5919,windowBlur
6991551b7b0c4970e11f07db,every_other_ace,tabAway,1127983.3000000715,11993,windowBlur
6991551b7b0c4970e11f07db,two_pairs_ranks,tabAway,1179006.8999999762,1965,windowBlur
6991551b7b0c4970e11f07db,two_pairs_ranks,tabAway,1181343.1000000238,5001,windowBlur
6991551b7b0c4970e11f07db,two_pairs_ranks,tabAway,1186347.3999999762,148942,windowBlur
6991551b7b0c4970e11f07db,all_red,tabAway,1358742.2000000477,2240,windowBlur
6991551b7b0c4970e11f07db,all_red,tabAway,1361371.6000000238,4768,windowBlur
6991551b7b0c4970e11f07db,all_red,tabAway,1366143,31400,windowBlur
6991551b7b0c4970e11f07db,radial_decreasing,tabAway,1430169.3999999762,1417,windowBlur
6991551b7b0c4970e11f07db,radial_decreasing,tabAway,1431960.6000000238,4593,windowBlur
6991551b7b0c4970e11f07db,radial_decreasing,tabAway,1436556.7000000477,103325,windowBlur
6991551b7b0c4970e11f07db,even_odd_pos_color_split,tabAway,1560405.2000000477,1709,windowBlur
6991551b7b0c4970e11f07db,even_odd_pos_color_split,tabAway,1562488.8000000715,5199,windowBlur
6991551b7b0c4970e11f07db,even_odd_pos_color_split,tabAway,1567692.2000000477,27273,windowBlur
6991551b7b0c4970e11f07db,even_odd_pos_color_split,tabAway,1610716.1000000238,4210,windowBlur
6991551b7b0c4970e11f07db,no_adjacent_same_suit,tabAway,1627661.3000000715,1949,windowBlur
6991551b7b0c4970e11f07db,no_adjacent_same_suit,tabAway,1629980.8000000715,4481,windowBlur
6991551b7b0c4970e11f07db,no_adjacent_same_suit,tabAway,1634465.1000000238,47460,windowBlur
6991551b7b0c4970e11f07db,ap_step1_len3_adj_ordered,tabAway,1697969.5,1723,windowBlur
6991551b7b0c4970e11f07db,ap_step1_len3_adj_ordered,tabAway,1700072.1000000238,4417,windowBlur
6991551b7b0c4970e11f07db,ap_step1_len3_adj_ordered,tabAway,1704492.5,39783,windowBlur
6991551b7b0c4970e11f07db,ap_step1_len3_adj_ordered,tabAway,1748552.2000000477,12338,windowBlur
6991551b7b0c4970e11f07db,ap_step1_len3_adj_ordered,tabAway,1770936.2000000477,3426,windowBlur
6991551b7b0c4970e11f07db,suit_brackets_no_cross,tabAway,1785903.3999999762,1663,windowBlur
6991551b7b0c4970e11f07db,suit_brackets_no_cross,tabAway,1787936,4172,windowBlur
6991551b7b0c4970e11f07db,suit_brackets_no_cross,tabAway,1792111.1000000238,18135,windowBlur
6991551b7b0c4970e11f07db,suit_brackets_no_cross,tabAway,1827464.6000000238,8548,windowBlur
6991551b7b0c4970e11f07db,halves_copy_colors,tabAway,1849414.5,1845,windowBlur
6991551b7b0c4970e11f07db,halves_copy_colors,tabAway,1851652.6000000238,4365,windowBlur
6991551b7b0c4970e11f07db,halves_copy_colors,tabAway,1856020.6000000238,89516,windowBlur
6991551b7b0c4970e11f07db,pair_5s_adjacent,tabAway,1962101.8000000715,4319,windowBlur
6991551b7b0c4970e11f07db,pair_5s_adjacent,tabAway,1967235.2000000477,233301,windowBlur
6991551b7b0c4970e11f07db,pair_5s_adjacent,tabAway,2202735.8000000715,7174,windowBlur
6991551b7b0c4970e11f07db,pair_5s_adjacent,tabAway,2211213.600000024,2235,windowBlur
6991551b7b0c4970e11f07db,pair_5s_adjacent,tabAway,2213845.600000024,5637,windowBlur
6991551b7b0c4970e11f07db,pair_5s_adjacent,tabAway,2219484.5,123920,windowBlur
6991551b7b0c4970e11f07db,both_halves_uniform_suit,tabAway,2364129.600000024,3127,windowBlur
6991551b7b0c4970e11f07db,both_halves_uniform_suit,tabAway,2367630.2000000477,4957,windowBlur
6991551b7b0c4970e11f07db,both_halves_uniform_suit,tabAway,2372590,25602,windowBlur
6991551b7b0c4970e11f07db,both_halves_uniform_suit,tabAway,2411535.899999976,1436,windowBlur
6991551b7b0c4970e11f07db,three_spades,tabAway,2426301.8000000715,1843,windowBlur
6991551b7b0c4970e11f07db,three_spades,tabAway,2428512.8000000715,4767,windowBlur
6991551b7b0c4970e11f07db,three_spades,tabAway,2433282.5,20069,windowBlur
6991551b7b0c4970e11f07db,even_pos_red_odd_pos_black,tabAway,2471273.899999976,1553,windowBlur
6991551b7b0c4970e11f07db,even_pos_red_odd_pos_black,tabAway,2473222.600000024,4456,windowBlur
6991551b7b0c4970e11f07db,even_pos_red_odd_pos_black,tabAway,2477681.399999976,24411,windowBlur
6991551b7b0c4970e11f07db,three_clubs_adjacent,tabAway,2521975.3000000715,1624,windowBlur
6991551b7b0c4970e11f07db,three_clubs_adjacent,tabAway,2523979.7000000477,4857,windowBlur
6991551b7b0c4970e11f07db,three_clubs_adjacent,tabAway,2528838.899999976,26369,windowBlur
6991551b7b0c4970e11f07db,three_clubs_adjacent,tabAway,2556749.8000000715,5084,windowBlur
699256aeba8067767183a7cb,colors_palindrome,tabAway,1525287.2000000002,768,windowBlur
699256aeba8067767183a7cb,colors_palindrome,tabAway,1526086,4722,windowBlur
699256aeba8067767183a7cb,four_diamonds_anywhere,tabAway,1938994.4,348,windowBlur
6994625b36e05aa72306754b,ap_step2_len4_adj_ordered,tabAway,1633035.799999714,12481,tabHidden
6998ebccba55eac8b0cf68bf,three_or_more_same_suit,synthetic,1576919.5,,
6998ebccba55eac8b0cf68bf,three_or_more_same_suit,tabAway,1155641.2999999998,183194,windowBlur
6998ebccba55eac8b0cf68bf,three_or_more_same_suit,tabAway,1351640,50024,windowBlur
6998ebccba55eac8b0cf68bf,three_or_more_same_suit,tabAway,1533667.9,12984,windowBlur
6998ebccba55eac8b0cf68bf,four_of_a_kind_adjacent,tabAway,1878403.6,2236,windowBlur
6998ebccba55eac8b0cf68bf,some_half_red_other_black,synthetic,2369029.9,,
6998ebccba55eac8b0cf68bf,two_pairs_suits,synthetic,2974327.8000000003,,
6998ebccba55eac8b0cf68bf,ranks_palindrome,synthetic,3097516.5,,
6998ebccba55eac8b0cf68bf,ranks_palindrome,synthetic,3099550.4,,
6998ebccba55eac8b0cf68bf,ranks_palindrome,synthetic,3122472.3000000003,,
6998ebccba55eac8b0cf68bf,three_any_suit_adjacent,synthetic,3262473.7,,
6998ebccba55eac8b0cf68bf,pos16_pos25_same_suit,synthetic,3368332.3000000003,,
6998ebccba55eac8b0cf68bf,four_hearts_adjacent,synthetic,3546672.2,,
6998ebccba55eac8b0cf68bf,strict_increasing,synthetic,3819135.8000000003,,
6998ebccba55eac8b0cf68bf,strict_increasing,synthetic,3838183.6,,
6998ebccba55eac8b0cf68bf,strict_increasing,synthetic,3840488.5000000005,,
6998ebccba55eac8b0cf68bf,strict_increasing,synthetic,3843533.5000000005,,
6998ebccba55eac8b0cf68bf,strict_increasing,synthetic,3845670.8000000003,,
6998ebccba55eac8b0cf68bf,strict_increasing,synthetic,3846629.6,,
6998ebccba55eac8b0cf68bf,strict_increasing,synthetic,3848110.3000000003,,
69a0734d1d433d3694c8438f,two_pairs_ranks,tabAway,568553.8000001907,2070,windowBlur
69a5173e79a786eadc643c31,straight5,tabAway,1034092.7000000477,252,windowBlur
69ab2b85eb4738c7033037f5,adjacent_share_rank_or_suit,tabAway,635594.6999999881,7158,windowBlur
69ab2b85eb4738c7033037f5,ranks_palindrome,tabAway,935376.9000000358,16318,windowBlur
69b2dfa3578726afc01d223c,all_4s_8s_or_9s,synthetic,2016908.900000006,,
69b594dccc64df571f092147,all_same_suit,tabAway,580626.7,36794,windowBlur
69b594dccc64df571f092147,all_same_suit,tabAway,670878.3,4754,windowBlur
69b594dccc64df571f092147,all_clubs_or_hearts,paste,949796.8,,Each hand contains at least two cards whose values add up to 11
69b594dccc64df571f092147,all_clubs_or_hearts,tabAway,693461.7,67230,windowBlur
69b594dccc64df571f092147,all_clubs_or_hearts,tabAway,776257.7,33968,windowBlur
69b594dccc64df571f092147,all_clubs_or_hearts,tabAway,865632.8,81215,windowBlur
69b594dccc64df571f092147,halves_copy_ranks,paste,1037515.3,,Each hand contains two sets of three cards with the same number
69b594dccc64df571f092147,halves_copy_ranks,tabAway,969376.8,65737,windowBlur
69b594dccc64df571f092147,skip2_same_rank_or_suit,paste,1217362.6,,The red outlines are marking all the red-suit cards in each hand.
69b594dccc64df571f092147,skip2_same_rank_or_suit,tabAway,1058423.7,5313,windowBlur
69b594dccc64df571f092147,skip2_same_rank_or_suit,tabAway,1080593.8,134036,windowBlur
69b594dccc64df571f092147,left_red_right_black,tabAway,1240501.9000000001,113549,windowBlur
69b594dccc64df571f092147,left_red_right_black,tabAway,1360468.5999999999,8481,windowBlur
69b594dccc64df571f092147,suit_chain_dsh,synthetic,1476768.3,,
69b594dccc64df571f092147,blacks_then_reds_start_black,paste,1709349.0999999999,,every card is either paired to total 13 or is a King
69b594dccc64df571f092147,blacks_then_reds_start_black,tabAway,1513198.4000000001,194152,windowBlur
69b594dccc64df571f092147,immediate_bracket_closure,paste,1798774.5999999999,,Each hand contains at least one combination of cards that sums to 21
69b594dccc64df571f092147,immediate_bracket_closure,tabAway,1731877.2,65101,windowBlur
69b594dccc64df571f092147,pos135_same_rank,paste,1869808.7,,"In every hand, there exists a group of exactly three cards that add up to 21."
69b594dccc64df571f092147,pos135_same_rank,tabAway,1814695.0999999999,53019,windowBlur
69b594dccc64df571f092147,four_kind_adjacent_any,paste,1930957.5999999999,,Every hand contains four cards of the same rank
69b594dccc64df571f092147,four_kind_adjacent_any,tabAway,1885754.2,42923,windowBlur
69b594dccc64df571f092147,both_halves_uniform_color,paste,2017224.7,,"Every hand follows this rule: it contains either

exactly 3 red cards and 3 black cards"
69b594dccc64df571f092147,both_halves_uniform_color,tabAway,1950824.2,64509,windowBlur
69b594dccc64df571f092147,four_any_suit_adjacent,paste,2120428.8,,Each hand has at least four cards belonging to the same suit
69b594dccc64df571f092147,four_any_suit_adjacent,tabAway,2032026.5999999999,86244,windowBlur
69b594dccc64df571f092147,ap_len3_step1_anywhere,paste,2189985.5999999996,,Each hand contains a subset of the red cards that
69b594dccc64df571f092147,ap_len3_step1_anywhere,synthetic,2196071.9000000004,,
69b594dccc64df571f092147,ap_len3_step1_anywhere,tabAway,2136278.5999999996,51510,windowBlur
69b594dccc64df571f092147,ap_len3_step1_anywhere,tabAway,2210272.3,4269,windowBlur
69b594dccc64df571f092147,straight5,paste,2270356,,"In every hand, the red cards can be split into two groups that have equal totals."
69b594dccc64df571f092147,straight5,tabAway,2239081.5,28873,windowBlur
69b594dccc64df571f092147,both_halves_have_pair_rank,paste,2320586.0999999996,,"In every hand, the red cards contain a pair"
69b594dccc64df571f092147,both_halves_have_pair_rank,tabAway,2286756.5999999996,31984,windowBlur
69b9f3184e0896ef41b99aa8,all_but_one_same_color,synthetic,1392623,,
69b9f3184e0896ef41b99aa8,all_but_one_same_color,synthetic,1410791,,
69b9f3184e0896ef41b99aa8,all_but_one_same_color,synthetic,1410961,,
69b9f3184e0896ef41b99aa8,all_but_one_same_color,synthetic,1411210,,
69b9f3184e0896ef41b99aa8,all_but_one_same_color,synthetic,1417873,,
69b9f3184e0896ef41b99aa8,all_but_one_same_color,synthetic,1438704,,
69b9f3184e0896ef41b99aa8,all_but_one_same_color,synthetic,1438876,,
69b9f3184e0896ef41b99aa8,all_same_color,synthetic,1472146,,
69b9f3184e0896ef41b99aa8,all_same_color,synthetic,1472257,,
69b9f3184e0896ef41b99aa8,all_same_color,synthetic,1472437.0000000002,,
69b9f3184e0896ef41b99aa8,all_same_color,synthetic,1476349,,
69b9f3184e0896ef41b99aa8,colors_palindrome,synthetic,1591319,,
69b9f3184e0896ef41b99aa8,colors_palindrome,synthetic,1594930,,
69b9f3184e0896ef41b99aa8,colors_palindrome,synthetic,1594974,,
69b9f3184e0896ef41b99aa8,colors_palindrome,synthetic,1595043.0000000002,,
69b9f3184e0896ef41b99aa8,colors_palindrome,synthetic,1595192,,
69b9f3184e0896ef41b99aa8,colors_palindrome,synthetic,1595262,,
69b9f3184e0896ef41b99aa8,colors_palindrome,synthetic,1679667.0000000002,,
69b9f3184e0896ef41b99aa8,colors_palindrome,synthetic,1680993,,
69b9f3184e0896ef41b99aa8,colors_palindrome,synthetic,1682165,,
69b9f3184e0896ef41b99aa8,ap_step2_len4_adj,synthetic,1707817,,
69b9f3184e0896ef41b99aa8,triple_any_pos345,synthetic,1749157,,
69b9f3184e0896ef41b99aa8,triple_any_pos345,synthetic,1749337,,
69b9f3184e0896ef41b99aa8,four_diamonds_anywhere,synthetic,1956773.0000000002,,
69b9f3184e0896ef41b99aa8,four_diamonds_anywhere,synthetic,1956995.0000000002,,
69b9f3184e0896ef41b99aa8,four_diamonds_anywhere,synthetic,1957099,,
69b9f3184e0896ef41b99aa8,four_diamonds_anywhere,synthetic,1957203,,
69b9f3184e0896ef41b99aa8,all_odd,synthetic,2267937,,
69b9f3184e0896ef41b99aa8,suit_brackets_nested,synthetic,2392711.0000000005,,
69b9f3184e0896ef41b99aa8,suit_brackets_nested,synthetic,2392882,,
69b9f3184e0896ef41b99aa8,pair_jacks_pos45,synthetic,2442817,,
69b9f3184e0896ef41b99aa8,pair_jacks_pos45,synthetic,2443809,,
69b9f3184e0896ef41b99aa8,pair_jacks_pos45,synthetic,2460282,,
69b9f3184e0896ef41b99aa8,pair_jacks_pos45,synthetic,2460414,,
69b9f3184e0896ef41b99aa8,ap_step1_len3_adj,synthetic,2623765,,
69b9f3184e0896ef41b99aa8,ap_step2_len4_adj_ordered,synthetic,2789765,,
69b9f3184e0896ef41b99aa8,ap_step2_len4_adj_ordered,synthetic,2789872,,
69b9f3184e0896ef41b99aa8,four_any_suit_anywhere,synthetic,2889507,,
69bc21dd22f17b2337957511,left_red_right_black,paste,966425.0000000001,,"The first three cards on the left are red, and the last three on the right are black."
69bc21dd22f17b2337957511,left_red_right_black,tabAway,921380,41689,windowBlur
69bc21dd22f17b2337957511,all_clubs_or_hearts,paste,1126915,,The last card (on the right) of each hand alternates between black and red.
69bc21dd22f17b2337957511,all_clubs_or_hearts,tabAway,1072792,48179,windowBlur
69bc21dd22f17b2337957511,skip2_same_rank_or_suit,paste,1508708,,First hand: first red card; Second hand: second red card; Third hand: third red card. Fourth hand: fourth black card; Fifth hand: fifth black card; Sixth hand: sixth black card.
69bc21dd22f17b2337957511,skip2_same_rank_or_suit,paste,1529760,,card is red
69bc21dd22f17b2337957511,skip2_same_rank_or_suit,paste,1537126,,card is red
69bc21dd22f17b2337957511,skip2_same_rank_or_suit,paste,1546041,,card is red
69bc21dd22f17b2337957511,skip2_same_rank_or_suit,paste,1564843,,card is black
69bc21dd22f17b2337957511,skip2_same_rank_or_suit,paste,1570542.0000000002,,card is black
69bc21dd22f17b2337957511,skip2_same_rank_or_suit,copy,1525202,,
69bc21dd22f17b2337957511,skip2_same_rank_or_suit,copy,1560168.0000000002,,
69bc21dd22f17b2337957511,skip2_same_rank_or_suit,tabAway,1481647,22938,windowBlur
69bc21dd22f17b2337957511,straight5,paste,2037953,,"In every hand, it is possible to arrange 5 cards from highest to lowest (or vice versa)."
69bc21dd22f17b2337957511,both_halves_have_pair_rank,paste,2244930,,"In every hand, it is possible to form two pairs of the same rank"
69bc21dd22f17b2337957511,suit_chain_dsh,paste,2421556,,"In every hand, the first card is Diamonds. Or, in no hand are there Clubs."
69bc21dd22f17b2337957511,suit_chain_dsh,tabAway,2360740.0000000005,55875,windowBlur
69bc21dd22f17b2337957511,immediate_bracket_closure,paste,2784374.0000000005,,"In each hand, there are at least two pairs of cards of the same suit."
69bc21dd22f17b2337957511,halves_copy_ranks,paste,2931476,,"In every hand, it is possible to form two pairs of the same rank"
69bc21dd22f17b2337957511,halves_copy_ranks,synthetic,2943631,,
69bc21dd22f17b2337957511,halves_copy_ranks,tabAway,2915482,12394,windowBlur
69bc21dd22f17b2337957511,all_same_suit,paste,2964980,,"In every hand, it is possible to form two pairs of the same rank"
69bc21dd22f17b2337957511,all_same_suit,paste,3024744,,All the cards in the hand have the same rank.
69bc21dd22f17b2337957511,all_same_suit,paste,3059593,,All the cards in the hand have the same suit.
69bc21dd22f17b2337957511,all_same_suit,copy,3001253,,
69bc21dd22f17b2337957511,all_same_suit,synthetic,2979432.0000000005,,
69bc21dd22f17b2337957511,all_same_suit,synthetic,2980387,,
69bc21dd22f17b2337957511,all_same_suit,synthetic,2980396,,
69bc21dd22f17b2337957511,all_same_suit,tabAway,2951674,2376,windowBlur
69bc21dd22f17b2337957511,blacks_then_reds_start_black,synthetic,3131725,,
69bc21dd22f17b2337957511,blacks_then_reds_start_black,synthetic,3137717,,
69bc21dd22f17b2337957511,blacks_then_reds_start_black,synthetic,3143024,,
69bc21dd22f17b2337957511,both_halves_uniform_color,paste,3281466,,"In each hand, the first 3 cards (on the left) and the last 3 (on the right) repeat the same color."
69bc21dd22f17b2337957511,both_halves_uniform_color,tabAway,3228931,47255,windowBlur
69bc21dd22f17b2337957511,four_any_suit_adjacent,paste,3513073,,"In each hand, there are at least three cards of the same suit."
69bc21dd22f17b2337957511,four_any_suit_adjacent,tabAway,3478401.0000000005,29734,windowBlur
69bc21dd22f17b2337957511,pos135_same_rank,paste,3693880,,The hand contains three cards of the same rank.
69bc21dd22f17b2337957511,pos135_same_rank,tabAway,3551402,2471,windowBlur
69bc21dd22f17b2337957511,pos135_same_rank,tabAway,3651591,37044,windowBlur
69bc21dd22f17b2337957511,four_kind_adjacent_any,paste,3721314,,The hand contains three cards of the same rank.
69bc21dd22f17b2337957511,four_kind_adjacent_any,synthetic,3725230,,
69bc21dd22f17b2337957511,four_kind_adjacent_any,tabAway,3700709.0000000005,1489,windowBlur
69bc21dd22f17b2337957511,ap_len3_step1_anywhere,paste,3804582,,Each hand contains a 10.
69bc21dd22f17b2337957511,ap_len3_step1_anywhere,tabAway,3751997.0000000005,18252,windowBlur
69cd5149cf6fc07126897938,triple_3s_adjacent,paste,644547.7999999523,,"All cards are Hearts, and there is at least one adjacent pair of 3♥ in each hand."
69cd5149cf6fc07126897938,triple_3s_adjacent,tabAway,485497,14860,windowBlur
69cd5149cf6fc07126897938,triple_3s_adjacent,tabAway,501240.89999985695,95683,windowBlur
69cd5149cf6fc07126897938,triple_3s_adjacent,tabAway,601364,2154,windowBlur
69cd5149cf6fc07126897938,triple_3s_adjacent,tabAway,604681.6999998093,38021,windowBlur
69cd5149cf6fc07126897938,all_but_one_same_color,paste,728301.6999998093,,The first card of every hand is a Spade
69cd5149cf6fc07126897938,all_but_one_same_color,copy,718490.7999999523,,
69cd5149cf6fc07126897938,all_but_one_same_color,tabAway,664832.0999999046,2735,windowBlur
69cd5149cf6fc07126897938,all_but_one_same_color,tabAway,668934.5999999046,16372,windowBlur
69cd5149cf6fc07126897938,all_but_one_same_color,tabAway,687015.7999999523,27745,windowBlur
69cd5149cf6fc07126897938,all_but_one_same_color,tabAway,719508.899999857,7305,windowBlur
69cd5149cf6fc07126897938,all_same_color,paste,783971.0999999046,,No rank appears more than twice in any hand
69cd5149cf6fc07126897938,all_same_color,tabAway,733760.2999999523,2235,windowBlur
69cd5149cf6fc07126897938,all_same_color,tabAway,737892.0999999046,44743,windowBlur
69cd5149cf6fc07126897938,pair_jacks_pos45,paste,817535.1999998093,,Every hand contains exactly one Jack
69cd5149cf6fc07126897938,pair_jacks_pos45,tabAway,788065.5,1800,windowBlur
69cd5149cf6fc07126897938,pair_jacks_pos45,tabAway,791179.0999999046,24528,windowBlur
69cd5149cf6fc07126897938,ap_step2_len4_adj_ordered,paste,871425.5,,No hand contains a 3
69cd5149cf6fc07126897938,ap_step2_len4_adj_ordered,tabAway,823035,2038,windowBlur
69cd5149cf6fc07126897938,ap_step2_len4_adj_ordered,tabAway,826445.5,43716,windowBlur
69cd5149cf6fc07126897938,triple_any_pos345,paste,907411.5,,Positions 3 and 4 in each hand contain two cards of the same rank
69cd5149cf6fc07126897938,triple_any_pos345,tabAway,875575.6999998093,1947,windowBlur
69cd5149cf6fc07126897938,triple_any_pos345,tabAway,878550.1999998093,13720,windowBlur
69cd5149cf6fc07126897938,triple_any_pos345,tabAway,893151.899999857,1912,windowBlur
69cd5149cf6fc07126897938,triple_any_pos345,tabAway,897820.0999999046,7982,windowBlur
69cd5149cf6fc07126897938,four_diamonds_anywhere,paste,955682.399999857,,"Each hand has both even-numbered ranks and odd-numbered ranks (treating A=1 odd, J=11 odd, Q=12 even, K=13 odd)"
69cd5149cf6fc07126897938,four_diamonds_anywhere,tabAway,912314.7999999523,1784,windowBlur
69cd5149cf6fc07126897938,four_diamonds_anywhere,tabAway,915243.399999857,38486,windowBlur
69cd5149cf6fc07126897938,straight5_same_color,paste,990917.5,,Each hand consists entirely of cards from a single suit.
69cd5149cf6fc07126897938,straight5_same_color,tabAway,962673.0999999046,1974,windowBlur
69cd5149cf6fc07126897938,straight5_same_color,tabAway,966074.0999999046,23646,windowBlur
69cd5149cf6fc07126897938,halves_copy_suits,paste,1048654.2999999523,,No Diamonds (♦) appear in any hand
69cd5149cf6fc07126897938,halves_copy_suits,tabAway,997995.899999857,2045,windowBlur
69cd5149cf6fc07126897938,halves_copy_suits,tabAway,1001129.2999999523,45820,windowBlur
69cd5149cf6fc07126897938,ap_step1_len3_adj,paste,1452665.0999999046,,"All cards in every hand are from Spades, Hearts, or Clubs — no Diamonds appear."
69cd5149cf6fc07126897938,ap_step1_len3_adj,tabAway,1415071.6999998093,1732,windowBlur
69cd5149cf6fc07126897938,ap_step1_len3_adj,tabAway,1418097.5999999046,20586,windowBlur
69cd5149cf6fc07126897938,ap_step1_len3_adj,tabAway,1439489.6999998093,11649,windowBlur
69cd5149cf6fc07126897938,colors_palindrome,paste,1494103.5999999046,,Every hand contains at least one rank that appears two or more times
69cd5149cf6fc07126897938,colors_palindrome,tabAway,1457874.5,2046,windowBlur
69cd5149cf6fc07126897938,colors_palindrome,tabAway,1460994.0999999046,31592,windowBlur
69cd5149cf6fc07126897938,all_odd,paste,1536530.6999998093,,"All cards in every hand are from the set {3, 5, 7, 9} (odd ranks 3 through 9 only)"
69cd5149cf6fc07126897938,all_odd,tabAway,1498430.7999999523,2015,windowBlur
69cd5149cf6fc07126897938,all_odd,tabAway,1501457.7999999523,33688,windowBlur
69cd5149cf6fc07126897938,four_any_suit_anywhere,paste,1597551.899999857,,All cards in each hand belong to the same suit.
69cd5149cf6fc07126897938,four_any_suit_anywhere,tabAway,1541663.7999999523,2000,windowBlur
69cd5149cf6fc07126897938,four_any_suit_anywhere,tabAway,1544737.6999998093,51293,windowBlur
69cd5149cf6fc07126897938,suit_brackets_nested,paste,1646682.0999999046,,Every hand contains at least one even-numbered rank (treating Q=12 as even).
69cd5149cf6fc07126897938,suit_brackets_nested,tabAway,1603224.1999998093,1766,windowBlur
69cd5149cf6fc07126897938,suit_brackets_nested,tabAway,1606177.6999998093,38920,windowBlur
69cd5149cf6fc07126897938,ap_step2_len4_adj,paste,1700059.2999999523,,"Every hand has at least one even-numbered rank (2,4,6,8,10,Q)"
69cd5149cf6fc07126897938,ap_step2_len4_adj,tabAway,1651789.1999998093,2232,windowBlur
69cd5149cf6fc07126897938,ap_step2_len4_adj,tabAway,1655274,43088,windowBlur
